n,m,density,mean_degree,mean_clustering,transitivity,giant_frac
533,25445,0.1794707218327244,95.47842401500938,0.6829718753657158,0.5070429118700605,0.9887429643527205
533,25445,0.1794707218327244,95.47842401500938,0.6789238005901934,0.508234852614468,0.9887429643527205
533,25445,0.1794707218327244,95.47842401500938,0.6797224007626472,0.5064633014688583,0.9887429643527205
533,25445,0.1794707218327244,95.47842401500938,0.6804750302247815,0.5073233685158034,0.9887429643527205
533,25445,0.1794707218327244,95.47842401500938,0.6824415116848003,0.5070035143888727,0.9887429643527205
533,25445,0.1794707218327244,95.47842401500938,0.6852995604301682,0.5066783182305946,0.9887429643527205
533,25445,0.1794707218327244,95.47842401500938,0.6848721842861594,0.5067317385440694,0.9887429643527205
533,25445,0.1794707218327244,95.47842401500938,0.6817199598627263,0.5065213960597622,0.9887429643527205
533,25445,0.1794707218327244,95.47842401500938,0.6834787244795397,0.508199461656791,0.9887429643527205
533,25445,0.1794707218327244,95.47842401500938,0.6859295003000371,0.5070555991945107,0.9887429643527205
533,25445,0.1794707218327244,95.47842401500938,0.6826767061901078,0.5067197189735376,0.9887429643527205
533,25445,0.1794707218327244,95.47842401500938,0.6880213047774993,0.5071844757007687,0.9887429643527205
533,25445,0.1794707218327244,95.47842401500938,0.6771402004530904,0.5078816107916156,0.9887429643527205
533,25445,0.1794707218327244,95.47842401500938,0.6834050649422864,0.5063297506851712,0.9887429643527205
533,25445,0.1794707218327244,95.47842401500938,0.6763347294301161,0.5079991354812603,0.9887429643527205
533,25445,0.1794707218327244,95.47842401500938,0.6828936013929192,0.5080164970831396,0.9887429643527205
533,25445,0.1794707218327244,95.47842401500938,0.6826313502071623,0.5071183680628436,0.9887429643527205
533,25445,0.1794707218327244,95.47842401500938,0.6816576758742097,0.5083156508385988,0.9887429643527205
533,25445,0.1794707218327244,95.47842401500938,0.6839410136064147,0.5066536113356125,0.9887429643527205
533,25445,0.1794707218327244,95.47842401500938,0.6845399550218819,0.5056746840911858,0.9887429643527205
533,25445,0.1794707218327244,95.47842401500938,0.6797828293437772,0.5068786444061253,0.9887429643527205
533,25445,0.1794707218327244,95.47842401500938,0.6881971400490923,0.5071704528684816,0.9887429643527205
533,25445,0.1794707218327244,95.47842401500938,0.6876238688884966,0.507229215213304,0.9887429643527205
533,25445,0.1794707218327244,95.47842401500938,0.68370103336593,0.5070956644296168,0.9887429643527205
533,25445,0.1794707218327244,95.47842401500938,0.6799783908340287,0.5074095087712815,0.9887429643527205
533,25445,0.1794707218327244,95.47842401500938,0.6817967183812774,0.5069567716145822,0.9887429643527205
533,25445,0.1794707218327244,95.47842401500938,0.684488124209308,0.5062916887118203,0.9887429643527205
533,25445,0.1794707218327244,95.47842401500938,0.6818157061646535,0.5067330740519063,0.9887429643527205
533,25445,0.1794707218327244,95.47842401500938,0.68084241290741,0.5085466936943774,0.9887429643527205
533,25445,0.1794707218327244,95.47842401500938,0.6822539269083531,0.5066476015503465,0.9887429643527205
533,25445,0.1794707218327244,95.47842401500938,0.6770708122531853,0.5084231592194669,0.9887429643527205
533,25445,0.1794707218327244,95.47842401500938,0.684437426665662,0.5071697851145632,0.9887429643527205
533,25445,0.1794707218327244,95.47842401500938,0.6843662815647557,0.505848300109979,0.9887429643527205
533,25445,0.1794707218327244,95.47842401500938,0.6819810458354024,0.5067190512196191,0.9887429643527205
533,25445,0.1794707218327244,95.47842401500938,0.6839556368671803,0.5079644122775017,0.9887429643527205
533,25445,0.1794707218327244,95.47842401500938,0.683460983808314,0.5071223745863542,0.9887429643527205
533,25445,0.1794707218327244,95.47842401500938,0.681140244268941,0.507581789282238,0.9887429643527205
533,25445,0.1794707218327244,95.47842401500938,0.6767535719565303,0.5068739701286962,0.9887429643527205
533,25445,0.1794707218327244,95.47842401500938,0.6739466278557052,0.5077827832116871,0.9887429643527205
533,25445,0.1794707218327244,95.47842401500938,0.6851679964601096,0.5056332833482428,0.9887429643527205
533,25445,0.1794707218327244,95.47842401500938,0.6835883241757448,0.5090568576880623,0.9887429643527205
533,25445,0.1794707218327244,95.47842401500938,0.6788791625061609,0.5059658247996237,0.9887429643527205
533,25445,0.1794707218327244,95.47842401500938,0.6840572137396025,0.5059604827682762,0.9887429643527205
533,25445,0.1794707218327244,95.47842401500938,0.6808537628890237,0.5065587902791946,0.9887429643527205
533,25445,0.1794707218327244,95.47842401500938,0.6819550265143626,0.5075090041051286,0.9887429643527205
533,25445,0.1794707218327244,95.47842401500938,0.6804770289510899,0.5053895531680138,0.9887429643527205
533,25445,0.1794707218327244,95.47842401500938,0.6812037450556836,0.5072672771866548,0.9887429643527205
533,25445,0.1794707218327244,95.47842401500938,0.6800247386240434,0.5075009910581073,0.9887429643527205
533,25445,0.1794707218327244,95.47842401500938,0.6800185812168815,0.5072058438261587,0.9887429643527205
533,25445,0.1794707218327244,95.47842401500938,0.6847176715226339,0.5079710898166859,0.9887429643527205
533,25445,0.1794707218327244,95.47842401500938,0.67322771821947,0.5068973415158414,0.9887429643527205
533,25445,0.1794707218327244,95.47842401500938,0.6807921311946429,0.50596315378395,0.9887429643527205
533,25445,0.1794707218327244,95.47842401500938,0.6804385807171744,0.5077253563747016,0.9887429643527205
533,25445,0.1794707218327244,95.47842401500938,0.6789881595189505,0.5073133522070269,0.9887429643527205
533,25445,0.1794707218327244,95.47842401500938,0.6864757121537008,0.5075377175236212,0.9887429643527205
533,25445,0.1794707218327244,95.47842401500938,0.6805874459453789,0.5065447674469075,0.9887429643527205
533,25445,0.1794707218327244,95.47842401500938,0.6786787893838842,0.5077574085627866,0.9887429643527205
533,25445,0.1794707218327244,95.47842401500938,0.6819974078051606,0.5070949966756985,0.9887429643527205
533,25445,0.1794707218327244,95.47842401500938,0.6897182862727979,0.5046790629987983,0.9887429643527205
533,25445,0.1794707218327244,95.47842401500938,0.6825732904022892,0.5083690711520736,0.9887429643527205
533,25445,0.1794707218327244,95.47842401500938,0.6818951384043851,0.5059197497792517,0.9887429643527205
533,25445,0.1794707218327244,95.47842401500938,0.6868071395855735,0.5068118690142817,0.9887429643527205
533,25445,0.1794707218327244,95.47842401500938,0.6816945616488853,0.5071370651725599,0.9887429643527205
533,25445,0.1794707218327244,95.47842401500938,0.6833526108194358,0.506844588956285,0.9887429643527205
533,25445,0.1794707218327244,95.47842401500938,0.6846616022195202,0.5056165895002819,0.9887429643527205
533,25445,0.1794707218327244,95.47842401500938,0.6817978159735136,0.507753402039276,0.9887429643527205
533,25445,0.1794707218327244,95.47842401500938,0.6807939294004948,0.5059905316946058,0.9887429643527205
533,25445,0.1794707218327244,95.47842401500938,0.674605071081702,0.5080739239201251,0.9887429643527205
533,25445,0.1794707218327244,95.47842401500938,0.6887629219434941,0.5065294091067835,0.9887429643527205
533,25445,0.1794707218327244,95.47842401500938,0.6810537927599587,0.5076899654170246,0.9887429643527205
533,25445,0.1794707218327244,95.47842401500938,0.6817329479163287,0.5068679603434303,0.9887429643527205
533,25445,0.1794707218327244,95.47842401500938,0.6835348526010617,0.5061901901162181,0.9887429643527205
533,25445,0.1794707218327244,95.47842401500938,0.679702872051486,0.5074689388700223,0.9887429643527205
533,25445,0.1794707218327244,95.47842401500938,0.6795431758655482,0.5063531220723164,0.9887429643527205
533,25445,0.1794707218327244,95.47842401500938,0.6819452866991523,0.508837166648897,0.9887429643527205
533,25445,0.1794707218327244,95.47842401500938,0.6821565098865264,0.5080305199154267,0.9887429643527205
533,25445,0.1794707218327244,95.47842401500938,0.6747923515562355,0.5064659724845321,0.9887429643527205
533,25445,0.1794707218327244,95.47842401500938,0.6772131630392225,0.5076579132289396,0.9887429643527205
533,25445,0.1794707218327244,95.47842401500938,0.6844188121033677,0.5065507772321733,0.9887429643527205
533,25445,0.1794707218327244,95.47842401500938,0.6781326794253922,0.5070121951898124,0.9887429643527205
533,25445,0.1794707218327244,95.47842401500938,0.6829102889457307,0.5061581379281332,0.9887429643527205
533,25445,0.1794707218327244,95.47842401500938,0.67830342094006,0.5070803060894928,0.9887429643527205
533,25445,0.1794707218327244,95.47842401500938,0.6831660487193755,0.5059938704641981,0.9887429643527205
533,25445,0.1794707218327244,95.47842401500938,0.6769776615049761,0.5070015111271174,0.9887429643527205
533,25445,0.1794707218327244,95.47842401500938,0.6835068896114709,0.508090617768086,0.9887429643527205
533,25445,0.1794707218327244,95.47842401500938,0.679853287941738,0.5063257441616605,0.9887429643527205
533,25445,0.1794707218327244,95.47842401500938,0.6826863035698668,0.5069000125315152,0.9887429643527205
533,25445,0.1794707218327244,95.47842401500938,0.6832014974048314,0.5068926672384124,0.9887429643527205
533,25445,0.1794707218327244,95.47842401500938,0.6830306702344514,0.5077140045580882,0.9887429643527205
533,25445,0.1794707218327244,95.47842401500938,0.6796973218362438,0.5071397361882336,0.9887429643527205
533,25445,0.1794707218327244,95.47842401500938,0.6858539485003806,0.5062997017588415,0.9887429643527205
533,25445,0.1794707218327244,95.47842401500938,0.6793917614604312,0.5078475553417754,0.9887429643527205
533,25445,0.1794707218327244,95.47842401500938,0.68003678782723,0.5058042283513623,0.9887429643527205
533,25445,0.1794707218327244,95.47842401500938,0.6805251756828834,0.5079690865549307,0.9887429643527205
533,25445,0.1794707218327244,95.47842401500938,0.6848173762784915,0.506674311707084,0.9887429643527205
533,25445,0.1794707218327244,95.47842401500938,0.6849523197143558,0.5074141830487107,0.9887429643527205
533,25445,0.1794707218327244,95.47842401500938,0.6849958641811867,0.5061227469704561,0.9887429643527205
533,25445,0.1794707218327244,95.47842401500938,0.6833496408794141,0.5066429272729175,0.9887429643527205
533,25445,0.1794707218327244,95.47842401500938,0.6818088893130368,0.5056018989140764,0.9887429643527205
533,25445,0.1794707218327244,95.47842401500938,0.6825024300037661,0.5074081732634447,0.9887429643527205
533,25445,0.1794707218327244,95.47842401500938,0.6763759159305341,0.5092284704451002,0.9887429643527205
533,25445,0.1794707218327244,95.47842401500938,0.6826330518818511,0.5072692804484101,0.9887429643527205
533,25445,0.1794707218327244,95.47842401500938,0.6828033935787903,0.5069387422587844,0.9887429643527205
533,25445,0.1794707218327244,95.47842401500938,0.6848988371139885,0.505455660805939,0.9887429643527205
533,25445,0.1794707218327244,95.47842401500938,0.6817293722101426,0.5068278951083242,0.9887429643527205
533,25445,0.1794707218327244,95.47842401500938,0.6825353257795628,0.5083617258589708,0.9887429643527205
533,25445,0.1794707218327244,95.47842401500938,0.6808900612039378,0.5073627659969911,0.9887429643527205
533,25445,0.1794707218327244,95.47842401500938,0.6858340346680932,0.5074161863104659,0.9887429643527205
533,25445,0.1794707218327244,95.47842401500938,0.6811979392770486,0.5063070470519444,0.9887429643527205
533,25445,0.1794707218327244,95.47842401500938,0.6868216620883306,0.5055157586585981,0.9887429643527205
533,25445,0.1794707218327244,95.47842401500938,0.6821280635598819,0.5069634491537666,0.9887429643527205
533,25445,0.1794707218327244,95.47842401500938,0.6823497162839198,0.5077126690502514,0.9887429643527205
533,25445,0.1794707218327244,95.47842401500938,0.6847247396394253,0.5056506449501221,0.9887429643527205
533,25445,0.1794707218327244,95.47842401500938,0.684236535256061,0.506309718067618,0.9887429643527205
533,25445,0.1794707218327244,95.47842401500938,0.6777255108886997,0.5083183218542725,0.9887429643527205
533,25445,0.1794707218327244,95.47842401500938,0.6810202869776167,0.5064172264484862,0.9887429643527205
533,25445,0.1794707218327244,95.47842401500938,0.6809810899766598,0.5074081732634447,0.9887429643527205
533,25445,0.1794707218327244,95.47842401500938,0.6806837641444936,0.5082682403103899,0.9887429643527205
533,25445,0.1794707218327244,95.47842401500938,0.6845840641438136,0.507078970581656,0.9887429643527205
533,25445,0.1794707218327244,95.47842401500938,0.6824590179735677,0.5068465922180404,0.9887429643527205
533,25445,0.1794707218327244,95.47842401500938,0.6817761885399822,0.5064940181491063,0.9887429643527205
533,25445,0.1794707218327244,95.47842401500938,0.6808619422745203,0.5079824416332994,0.9887429643527205
533,25445,0.1794707218327244,95.47842401500938,0.6800689178303186,0.5065948489907901,0.9887429643527205
533,25445,0.1794707218327244,95.47842401500938,0.6849705043264437,0.5066910055550449,0.9887429643527205
533,25445,0.1794707218327244,95.47842401500938,0.6840243336301274,0.5065327478763756,0.9887429643527205
533,25445,0.1794707218327244,95.47842401500938,0.6822528021983514,0.5073220330079665,0.9887429643527205
533,25445,0.1794707218327244,95.47842401500938,0.6822167740053431,0.5065420964312337,0.9887429643527205
533,25445,0.1794707218327244,95.47842401500938,0.6767534859025607,0.5067804845801153,0.9887429643527205
533,25445,0.1794707218327244,95.47842401500938,0.6805286320566103,0.5074923102571676,0.9887429643527205
533,25445,0.1794707218327244,95.47842401500938,0.6791295441986316,0.5065554515096025,0.9887429643527205
533,25445,0.1794707218327244,95.47842401500938,0.6790242656194858,0.5068619505581644,0.9887429643527205
533,25445,0.1794707218327244,95.47842401500938,0.6844282917004783,0.506387845276075,0.9887429643527205
533,25445,0.1794707218327244,95.47842401500938,0.6800843688173074,0.5065621290487867,0.9887429643527205
533,25445,0.1794707218327244,95.47842401500938,0.6824343814113359,0.5071784659155029,0.9887429643527205
533,25445,0.1794707218327244,95.47842401500938,0.6851021416431964,0.5075350465079475,0.9887429643527205
533,25445,0.1794707218327244,95.47842401500938,0.6759575111132475,0.5074415609593665,0.9887429643527205
533,25445,0.1794707218327244,95.47842401500938,0.6829425176304783,0.505776182686788,0.9887429643527205
533,25445,0.1794707218327244,95.47842401500938,0.6819238661403766,0.5063825032447276,0.9887429643527205
533,25445,0.1794707218327244,95.47842401500938,0.678803778361694,0.5079864481568099,0.9887429643527205
533,25445,0.1794707218327244,95.47842401500938,0.677650861439055,0.5066990186020661,0.9887429643527205
533,25445,0.1794707218327244,95.47842401500938,0.6800455801566894,0.507928353565906,0.9887429643527205
533,25445,0.1794707218327244,95.47842401500938,0.6859518014892175,0.5071390684343151,0.9887429643527205
533,25445,0.1794707218327244,95.47842401500938,0.6880444543867679,0.5065033667039645,0.9887429643527205
533,25445,0.1794707218327244,95.47842401500938,0.679595136871565,0.5075864635596671,0.9887429643527205
533,25445,0.1794707218327244,95.47842401500938,0.6778546443768177,0.5079730930784413,0.9887429643527205
533,25445,0.1794707218327244,95.47842401500938,0.6878673304955139,0.5055578271554596,0.9887429643527205
533,25445,0.1794707218327244,95.47842401500938,0.6798134317226654,0.5077587440706234,0.9887429643527205
533,25445,0.1794707218327244,95.47842401500938,0.6875862841318501,0.5061781705456863,0.9887429643527205
533,25445,0.1794707218327244,95.47842401500938,0.6831663336164581,0.5076098349468123,0.9887429643527205
533,25445,0.1794707218327244,95.47842401500938,0.6800835101886631,0.5067257287588035,0.9887429643527205
533,25445,0.1794707218327244,95.47842401500938,0.6825320314650961,0.5064045391240359,0.9887429643527205
533,25445,0.1794707218327244,95.47842401500938,0.6801085031500559,0.5076071639311386,0.9887429643527205
533,25445,0.1794707218327244,95.47842401500938,0.6801569655581843,0.5043004465270453,0.9887429643527205
533,25445,0.1794707218327244,95.47842401500938,0.6850711288723565,0.506170157498665,0.9887429643527205
533,25445,0.1794707218327244,95.47842401500938,0.6770416739442469,0.5087997724294646,0.9887429643527205
533,25445,0.1794707218327244,95.47842401500938,0.681882048159638,0.5069327324735186,0.9887429643527205
533,25445,0.1794707218327244,95.47842401500938,0.6830449876304145,0.5071737916380739,0.9887429643527205
533,25445,0.1794707218327244,95.47842401500938,0.6744470401852946,0.5072131891192615,0.9887429643527205
533,25445,0.1794707218327244,95.47842401500938,0.6824802733891995,0.5068899962227387,0.9887429643527205
533,25445,0.1794707218327244,95.47842401500938,0.6849664345229678,0.5055825340504417,0.9887429643527205
533,25445,0.1794707218327244,95.47842401500938,0.6857360224649989,0.5058416225707947,0.9887429643527205
533,25445,0.1794707218327244,95.47842401500938,0.6866295989282947,0.5065053699657197,0.9887429643527205
533,25445,0.1794707218327244,95.47842401500938,0.6814685086038245,0.5079664155392569,0.9887429643527205
533,25445,0.1794707218327244,95.47842401500938,0.6840496521446483,0.5075724407273798,0.9887429643527205
533,25445,0.1794707218327244,95.47842401500938,0.6786186811433752,0.5067063638951689,0.9887429643527205
533,25445,0.1794707218327244,95.47842401500938,0.6814546465612065,0.5072198666584459,0.9887429643527205
533,25445,0.1794707218327244,95.47842401500938,0.6846898687273569,0.505921753041007,0.9887429643527205
533,25445,0.1794707218327244,95.47842401500938,0.6844173801716062,0.5075096718590469,0.9887429643527205
533,25445,0.1794707218327244,95.47842401500938,0.6811817094579988,0.5060766719500841,0.9887429643527205
533,25445,0.1794707218327244,95.47842401500938,0.6844162486179453,0.5074168540643844,0.9887429643527205
533,25445,0.1794707218327244,95.47842401500938,0.6839013019456827,0.507342733379438,0.9887429643527205
533,25445,0.1794707218327244,95.47842401500938,0.6842153156538491,0.5069253871804158,0.9887429643527205
533,25445,0.1794707218327244,95.47842401500938,0.6805063606385281,0.5074822939483911,0.9887429643527205
533,25445,0.1794707218327244,95.47842401500938,0.6827230748001842,0.507488303733657,0.9887429643527205
533,25445,0.1794707218327244,95.47842401500938,0.6826530359780641,0.5086435180125507,0.9887429643527205
533,25445,0.1794707218327244,95.47842401500938,0.6798006389320467,0.5077981415518111,0.9887429643527205
533,25445,0.1794707218327244,95.47842401500938,0.6861938442626342,0.5054362959423043,0.9887429643527205
533,25445,0.1794707218327244,95.47842401500938,0.6831520973903807,0.5061748317760941,0.9887429643527205
533,25445,0.1794707218327244,95.47842401500938,0.6805626653921913,0.5057888700112383,0.9887429643527205
533,25445,0.1794707218327244,95.47842401500938,0.6839706510127835,0.5084411885752647,0.9887429643527205
533,25445,0.1794707218327244,95.47842401500938,0.6825088042454477,0.5059531374751735,0.9887429643527205
533,25445,0.1794707218327244,95.47842401500938,0.6778700809979411,0.5064339202964471,0.9887429643527205
533,25445,0.1794707218327244,95.47842401500938,0.682559554150374,0.5066916733089633,0.9887429643527205
533,25445,0.1794707218327244,95.47842401500938,0.6845438860369609,0.505760824346664,0.9887429643527205
533,25445,0.1794707218327244,95.47842401500938,0.6736938659835248,0.5091162877868031,0.9887429643527205
533,25445,0.1794707218327244,95.47842401500938,0.6826616858564426,0.5067564454390515,0.9887429643527205
533,25445,0.1794707218327244,95.47842401500938,0.6791823869908064,0.5084351787899988,0.9887429643527205
533,25445,0.1794707218327244,95.47842401500938,0.6847405740356107,0.505947795443826,0.9887429643527205
533,25445,0.1794707218327244,95.47842401500938,0.6813278454335514,0.506554783755684,0.9887429643527205
533,25445,0.1794707218327244,95.47842401500938,0.6804564198840269,0.5068893284688202,0.9887429643527205
533,25445,0.1794707218327244,95.47842401500938,0.6831829099750084,0.5072866420502894,0.9887429643527205
533,25445,0.1794707218327244,95.47842401500938,0.6842439076489799,0.5066228946553644,0.9887429643527205
533,25445,0.1794707218327244,95.47842401500938,0.6794199266816717,0.505943121166397,0.9887429643527205
533,25445,0.1794707218327244,95.47842401500938,0.6788296200499865,0.5054676803764707,0.9887429643527205
533,25445,0.1794707218327244,95.47842401500938,0.6812513994420423,0.5075223591834972,0.9887429643527205
533,25445,0.1794707218327244,95.47842401500938,0.6811192017398092,0.5068379114171007,0.9887429643527205
533,25445,0.1794707218327244,95.47842401500938,0.6781002115697364,0.5076993139718826,0.9887429643527205
533,25445,0.1794707218327244,95.47842401500938,0.6785200031612517,0.5078281904781408,0.9887429643527205
533,25445,0.1794707218327244,95.47842401500938,0.6780693178786648,0.5079230115345587,0.9887429643527205
533,25445,0.1794707218327244,95.47842401500938,0.6814493565495768,0.5067577809468884,0.9887429643527205
533,25445,0.1794707218327244,95.47842401500938,0.687079055875373,0.5074168540643844,0.9887429643527205
533,25445,0.1794707218327244,95.47842401500938,0.6843627969420603,0.5068272273544057,0.9887429643527205
533,25445,0.1794707218327244,95.47842401500938,0.6825228894924953,0.5078922948543105,0.9887429643527205
533,25445,0.1794707218327244,95.47842401500938,0.6809162990826353,0.5054963937949635,0.9887429643527205
533,25445,0.1794707218327244,95.47842401500938,0.6853339076487893,0.5068125367682002,0.9887429643527205
533,25445,0.1794707218327244,95.47842401500938,0.6815829021616245,0.5074075055095263,0.9887429643527205
533,25445,0.1794707218327244,95.47842401500938,0.6800119958491142,0.5082902761896982,0.9887429643527205
533,25445,0.1794707218327244,95.47842401500938,0.6768245815513256,0.5075317077383553,0.9887429643527205
533,25445,0.1794707218327244,95.47842401500938,0.6793377970426627,0.5069213806569052,0.9887429643527205
533,25445,0.1794707218327244,95.47842401500938,0.6832703511087871,0.5059504664594997,0.9887429643527205
533,25445,0.1794707218327244,95.47842401500938,0.6790208231843692,0.5081607319295217,0.9887429643527205
533,25445,0.1794707218327244,95.47842401500938,0.6782340798655637,0.5066769827227577,0.9887429643527205
533,25445,0.1794707218327244,95.47842401500938,0.6833165573636458,0.5059898639406875,0.9887429643527205
533,25445,0.1794707218327244,95.47842401500938,0.6820439026044675,0.5053281198075177,0.9887429643527205
533,25445,0.1794707218327244,95.47842401500938,0.6834602778157925,0.5062830079108807,0.9887429643527205
533,25445,0.1794707218327244,95.47842401500938,0.6767414675333571,0.5083396899796624,0.9887429643527205
533,25445,0.1794707218327244,95.47842401500938,0.6799292890991504,0.5063197343763947,0.9887429643527205
533,25445,0.1794707218327244,95.47842401500938,0.6817194106920682,0.5062956952353309,0.9887429643527205
533,25445,0.1794707218327244,95.47842401500938,0.6827389311828962,0.5071030097227196,0.9887429643527205
533,25445,0.1794707218327244,95.47842401500938,0.681156171748185,0.5064446043591421,0.9887429643527205
533,25445,0.1794707218327244,95.47842401500938,0.6822527180349596,0.5081587286677663,0.9887429643527205
533,25445,0.1794707218327244,95.47842401500938,0.6832449256028608,0.5068325693857532,0.9887429643527205
533,25445,0.1794707218327244,95.47842401500938,0.6789022770511802,0.5061708252525835,0.9887429643527205
533,25445,0.1794707218327244,95.47842401500938,0.6817479231552633,0.5070228792525073,0.9887429643527205
533,25445,0.1794707218327244,95.47842401500938,0.6839565205770427,0.50738880839981,0.9887429643527205
533,25445,0.1794707218327244,95.47842401500938,0.6809547701165156,0.5067557776851331,0.9887429643527205
533,25445,0.1794707218327244,95.47842401500938,0.6866027887958491,0.507177130407666,0.9887429643527205
533,25445,0.1794707218327244,95.47842401500938,0.6827994088075737,0.5056953844626573,0.9887429643527205
533,25445,0.1794707218327244,95.47842401500938,0.6773671420015277,0.5072312184750593,0.9887429643527205
533,25445,0.1794707218327244,95.47842401500938,0.6860315550776572,0.507172456130237,0.9887429643527205
533,25445,0.1794707218327244,95.47842401500938,0.6841881329328139,0.5063631383810929,0.9887429643527205
533,25445,0.1794707218327244,95.47842401500938,0.6845249242490408,0.5072252086897934,0.9887429643527205
533,25445,0.1794707218327244,95.47842401500938,0.6893363634033443,0.5073540851960514,0.9887429643527205
533,25445,0.1794707218327244,95.47842401500938,0.6884618971595693,0.5071143615393331,0.9887429643527205
533,25445,0.1794707218327244,95.47842401500938,0.6778069289250026,0.5083009602523931,0.9887429643527205
533,25445,0.1794707218327244,95.47842401500938,0.6829630107933289,0.5070803060894928,0.9887429643527205
533,25445,0.1794707218327244,95.47842401500938,0.6808256904774382,0.5075463983245609,0.9887429643527205
533,25445,0.1794707218327244,95.47842401500938,0.6831080523989396,0.5066983508481476,0.9887429643527205
533,25445,0.1794707218327244,95.47842401500938,0.6773563011733177,0.5075317077383553,0.9887429643527205
533,25445,0.1794707218327244,95.47842401500938,0.6818133156344415,0.506206883964179,0.9887429643527205
533,25445,0.1794707218327244,95.47842401500938,0.6843375655774312,0.5077246886207832,0.9887429643527205
533,25445,0.1794707218327244,95.47842401500938,0.6784426671215851,0.5073347203324168,0.9887429643527205
533,25445,0.1794707218327244,95.47842401500938,0.6863958423407994,0.5059918672024427,0.9887429643527205
533,25445,0.1794707218327244,95.47842401500938,0.6824813005340575,0.5075570823872558,0.9887429643527205
533,25445,0.1794707218327244,95.47842401500938,0.6854451211333485,0.5069280581960895,0.9887429643527205
533,25445,0.1794707218327244,95.47842401500938,0.686440784050746,0.5075370497697028,0.9887429643527205
533,25445,0.1794707218327244,95.47842401500938,0.6868991235400312,0.506134766540988,0.9887429643527205
533,25445,0.1794707218327244,95.47842401500938,0.6864656558082913,0.506881315421799,0.9887429643527205
533,25445,0.1794707218327244,95.47842401500938,0.6851152544814554,0.5063377637321924,0.9887429643527205
533,25445,0.1794707218327244,95.47842401500938,0.682255571882743,0.5070308922995286,0.9887429643527205
533,25445,0.1794707218327244,95.47842401500938,0.6826166712701537,0.5057935442886673,0.9887429643527205
533,25445,0.1794707218327244,95.47842401500938,0.6780198944704598,0.5064158909406493,0.9887429643527205
533,25445,0.1794707218327244,95.47842401500938,0.6821001399850998,0.5065621290487867,0.9887429643527205
533,25445,0.1794707218327244,95.47842401500938,0.6821373627264605,0.5092805552507382,0.9887429643527205
533,25445,0.1794707218327244,95.47842401500938,0.6789896575132226,0.5057614921005824,0.9887429643527205
533,25445,0.1794707218327244,95.47842401500938,0.6820397434982256,0.5080024742508524,0.9887429643527205
533,25445,0.1794707218327244,95.47842401500938,0.6810019894419057,0.5069053545628627,0.9887429643527205
533,25445,0.1794707218327244,95.47842401500938,0.6853478959809651,0.5066629598904705,0.9887429643527205
533,25445,0.1794707218327244,95.47842401500938,0.6846207335122709,0.5085006186740054,0.9887429643527205
533,25445,0.1794707218327244,95.47842401500938,0.6860934452759566,0.5068612828042459,0.9887429643527205
533,25445,0.1794707218327244,95.47842401500938,0.685935785168926,0.5047485094063155,0.9887429643527205
533,25445,0.1794707218327244,95.47842401500938,0.6835978610433664,0.5073721145518492,0.9887429643527205
533,25445,0.1794707218327244,95.47842401500938,0.6784251102661787,0.5068926672384124,0.9887429643527205
533,25445,0.1794707218327244,95.47842401500938,0.6848871891555574,0.5058816878059008,0.9887429643527205
533,25445,0.1794707218327244,95.47842401500938,0.6759199126413822,0.5068793121600437,0.9887429643527205
533,25445,0.1794707218327244,95.47842401500938,0.6828904050068629,0.5060813462275131,0.9887429643527205
533,25445,0.1794707218327244,95.47842401500938,0.6828762718019659,0.507934363351172,0.9887429643527205
533,25445,0.1794707218327244,95.47842401500938,0.6820815435189126,0.5067030251255766,0.9887429643527205
533,25445,0.1794707218327244,95.47842401500938,0.6829995408341671,0.5067911686428102,0.9887429643527205
533,25445,0.1794707218327244,95.47842401500938,0.6822804441805326,0.5069494263214794,0.9887429643527205
533,25445,0.1794707218327244,95.47842401500938,0.6838496278248477,0.506617552624017,0.9887429643527205
533,25445,0.1794707218327244,95.47842401500938,0.6803493697105554,0.5057601565927455,0.9887429643527205
533,25445,0.1794707218327244,95.47842401500938,0.6810623948185001,0.5075670986960324,0.9887429643527205
533,25445,0.1794707218327244,95.47842401500938,0.6782985768954501,0.506367812658522,0.9887429643527205
533,25445,0.1794707218327244,95.47842401500938,0.6845607255229589,0.5076973107101274,0.9887429643527205
533,25445,0.1794707218327244,95.47842401500938,0.6848798788597137,0.5059671603074606,0.9887429643527205
533,25445,0.1794707218327244,95.47842401500938,0.6825662897299839,0.5079290213198245,0.9887429643527205
533,25445,0.1794707218327244,95.47842401500938,0.6798674156221525,0.5066542790895309,0.9887429643527205
533,25445,0.1794707218327244,95.47842401500938,0.682213137692073,0.5071150292932515,0.9887429643527205
533,25445,0.1794707218327244,95.47842401500938,0.6844316631605983,0.5067531066694594,0.9887429643527205
533,25445,0.1794707218327244,95.47842401500938,0.6827202897919891,0.507425534865324,0.9887429643527205
533,25445,0.1794707218327244,95.47842401500938,0.6847811289023756,0.5073934826772392,0.9887429643527205
533,25445,0.1794707218327244,95.47842401500938,0.6823263930824522,0.5057060685253523,0.9887429643527205
533,25445,0.1794707218327244,95.47842401500938,0.6820380171579346,0.5084124751567719,0.9887429643527205
533,25445,0.1794707218327244,95.47842401500938,0.6829923748296454,0.5073307138089062,0.9887429643527205
533,25445,0.1794707218327244,95.47842401500938,0.6846987367595893,0.5078108288762614,0.9887429643527205
533,25445,0.1794707218327244,95.47842401500938,0.6806795100409764,0.5085259933229059,0.9887429643527205
533,25445,0.1794707218327244,95.47842401500938,0.6814724077474729,0.5059077302087198,0.9887429643527205
533,25445,0.1794707218327244,95.47842401500938,0.6797755583498325,0.5060646523795522,0.9887429643527205
533,25445,0.1794707218327244,95.47842401500938,0.6774740806265598,0.5067117059265164,0.9887429643527205
533,25445,0.1794707218327244,95.47842401500938,0.6855487735497928,0.5076365451035497,0.9887429643527205
533,25445,0.1794707218327244,95.47842401500938,0.6802930356271454,0.5078321970016514,0.9887429643527205
533,25445,0.1794707218327244,95.47842401500938,0.6801164786178673,0.5061554669124595,0.9887429643527205
533,25445,0.1794707218327244,95.47842401500938,0.6800110952548082,0.5088164662774255,0.9887429643527205
533,25445,0.1794707218327244,95.47842401500938,0.6809002077423685,0.5067430903606829,0.9887429643527205
533,25445,0.1794707218327244,95.47842401500938,0.6808006714316361,0.5062623075394092,0.9887429643527205
533,25445,0.1794707218327244,95.47842401500938,0.6842915137114765,0.505034308083406,0.9887429643527205
533,25445,0.1794707218327244,95.47842401500938,0.674990182637978,0.5070255502681811,0.9887429643527205
533,25445,0.1794707218327244,95.47842401500938,0.683150257627557,0.5072899808198816,0.9887429643527205
533,25445,0.1794707218327244,95.47842401500938,0.6812632562939387,0.5070656155032872,0.9887429643527205
533,25445,0.1794707218327244,95.47842401500938,0.6815086194422312,0.5073594272273989,0.9887429643527205
533,25445,0.1794707218327244,95.47842401500938,0.6832938923113313,0.5063925195535041,0.9887429643527205
533,25445,0.1794707218327244,95.47842401500938,0.6788953324200249,0.5067117059265164,0.9887429643527205
533,25445,0.1794707218327244,95.47842401500938,0.6824734231190345,0.5055297814908852,0.9887429643527205
533,25445,0.1794707218327244,95.47842401500938,0.6829873078970438,0.5074589225612458,0.9887429643527205
533,25445,0.1794707218327244,95.47842401500938,0.679675186079356,0.5070983354452906,0.9887429643527205
533,25445,0.1794707218327244,95.47842401500938,0.6820979576764634,0.5055351235222327,0.9887429643527205
533,25445,0.1794707218327244,95.47842401500938,0.6767796183600814,0.5082335171066312,0.9887429643527205
533,25445,0.1794707218327244,95.47842401500938,0.6826644520279698,0.5077260241286201,0.9887429643527205
533,25445,0.1794707218327244,95.47842401500938,0.6813503314284419,0.5073774565831967,0.9887429643527205
533,25445,0.1794707218327244,95.47842401500938,0.679998864787306,0.5069888238026672,0.9887429643527205
533,25445,0.1794707218327244,95.47842401500938,0.6823714780260153,0.5075731084812983,0.9887429643527205
533,25445,0.1794707218327244,95.47842401500938,0.6799109237808402,0.5053715238122161,0.9887429643527205
533,25445,0.1794707218327244,95.47842401500938,0.6771781523222956,0.5082208297821809,0.9887429643527205
533,25445,0.1794707218327244,95.47842401500938,0.678692131255735,0.507649232428,0.9887429643527205
533,25445,0.1794707218327244,95.47842401500938,0.6827704491106622,0.5079617412618279,0.9887429643527205
533,25445,0.1794707218327244,95.47842401500938,0.6812996192792808,0.5088772318840031,0.9887429643527205
533,25445,0.1794707218327244,95.47842401500938,0.6801320721424612,0.5063471122870505,0.9887429643527205
533,25445,0.1794707218327244,95.47842401500938,0.682708200470608,0.5064626337149398,0.9887429643527205
533,25445,0.1794707218327244,95.47842401500938,0.6843457695408864,0.5069340679813554,0.9887429643527205
533,25445,0.1794707218327244,95.47842401500938,0.6878770600973221,0.5069374067509476,0.9887429643527205
533,25445,0.1794707218327244,95.47842401500938,0.6855569298155838,0.5073240362697218,0.9887429643527205
533,25445,0.1794707218327244,95.47842401500938,0.6840904683491552,0.5054429734814886,0.9887429643527205
533,25445,0.1794707218327244,95.47842401500938,0.6868438910474255,0.5054129245551591,0.9887429643527205
533,25445,0.1794707218327244,95.47842401500938,0.6842262510138785,0.5069347357352738,0.9887429643527205
533,25445,0.1794707218327244,95.47842401500938,0.6858237795408063,0.5075236946913341,0.9887429643527205
533,25445,0.1794707218327244,95.47842401500938,0.680793056538526,0.5069207129029867,0.9887429643527205
533,25445,0.1794707218327244,95.47842401500938,0.6808745317181741,0.5063491155488058,0.9887429643527205
533,25445,0.1794707218327244,95.47842401500938,0.6797026541830352,0.5064833340864113,0.9887429643527205
533,25445,0.1794707218327244,95.47842401500938,0.6793722269702543,0.509263193648859,0.9887429643527205
533,25445,0.1794707218327244,95.47842401500938,0.6852388603515588,0.5053608397495211,0.9887429643527205
533,25445,0.1794707218327244,95.47842401500938,0.6836927865652074,0.5077974737978928,0.9887429643527205
533,25445,0.1794707218327244,95.47842401500938,0.681115909905371,0.5084158139263641,0.9887429643527205
533,25445,0.1794707218327244,95.47842401500938,0.6864826350102549,0.50630036951276,0.9887429643527205
533,25445,0.1794707218327244,95.47842401500938,0.6823874531287466,0.5063397669939477,0.9887429643527205
533,25445,0.1794707218327244,95.47842401500938,0.6801469457908351,0.5070515926710001,0.9887429643527205
533,25445,0.1794707218327244,95.47842401500938,0.681935478327081,0.5059658247996237,0.9887429643527205
533,25445,0.1794707218327244,95.47842401500938,0.6847873662199679,0.5064359235582024,0.9887429643527205
533,25445,0.1794707218327244,95.47842401500938,0.6848245536825406,0.5072913163277185,0.9887429643527205
533,25445,0.1794707218327244,95.47842401500938,0.6862177044277199,0.5064078778936282,0.9887429643527205
533,25445,0.1794707218327244,95.47842401500938,0.6817894091308718,0.5074268703731609,0.9887429643527205
533,25445,0.1794707218327244,95.47842401500938,0.6835847121587086,0.5080338586850189,0.9887429643527205
533,25445,0.1794707218327244,95.47842401500938,0.6844537456111666,0.5073267072853955,0.9887429643527205
533,25445,0.1794707218327244,95.47842401500938,0.6827546375251927,0.5064138876788941,0.9887429643527205
533,25445,0.1794707218327244,95.47842401500938,0.6806217574136533,0.506508708735312,0.9887429643527205
533,25445,0.1794707218327244,95.47842401500938,0.6837303217847863,0.5069547683528269,0.9887429643527205
533,25445,0.1794707218327244,95.47842401500938,0.6820775532485086,0.5080285166536714,0.9887429643527205
533,25445,0.1794707218327244,95.47842401500938,0.6805981588218826,0.5063971938309332,0.9887429643527205
533,25445,0.1794707218327244,95.47842401500938,0.6832025429013385,0.5059184142714148,0.9887429643527205
533,25445,0.1794707218327244,95.47842401500938,0.6847985919830306,0.5064806630707376,0.9887429643527205
533,25445,0.1794707218327244,95.47842401500938,0.6805013732681562,0.508889251454535,0.9887429643527205
533,25445,0.1794707218327244,95.47842401500938,0.6827415132512479,0.5062629752933276,0.9887429643527205
533,25445,0.1794707218327244,95.47842401500938,0.6797538041901301,0.5074762841631252,0.9887429643527205
533,25445,0.1794707218327244,95.47842401500938,0.6791288867735495,0.508743681100316,0.9887429643527205
533,25445,0.1794707218327244,95.47842401500938,0.6778771451641985,0.5082321815987944,0.9887429643527205
533,25445,0.1794707218327244,95.47842401500938,0.686672635532006,0.5077133368041699,0.9887429643527205
533,25445,0.1794707218327244,95.47842401500938,0.6768019784637895,0.507172456130237,0.9887429643527205
533,25445,0.1794707218327244,95.47842401500938,0.6792380658379844,0.5072999971286581,0.9887429643527205
533,25445,0.1794707218327244,95.47842401500938,0.6830896958505727,0.5071631075753789,0.9887429643527205
533,25445,0.1794707218327244,95.47842401500938,0.6834791535682536,0.5065327478763756,0.9887429643527205
533,25445,0.1794707218327244,95.47842401500938,0.6797037864163805,0.509044170363612,0.9887429643527205
533,25445,0.1794707218327244,95.47842401500938,0.6852621290908648,0.5066769827227577,0.9887429643527205
533,25445,0.1794707218327244,95.47842401500938,0.6826646069989892,0.5069394100127029,0.9887429643527205
533,25445,0.1794707218327244,95.47842401500938,0.6841097405123017,0.5060940335519634,0.9887429643527205
533,25445,0.1794707218327244,95.47842401500938,0.6870707614416736,0.5072312184750593,0.9887429643527205
533,25445,0.1794707218327244,95.47842401500938,0.6795763026564986,0.5069280581960895,0.9887429643527205
533,25445,0.1794707218327244,95.47842401500938,0.6819326549884858,0.5076899654170246,0.9887429643527205
533,25445,0.1794707218327244,95.47842401500938,0.6819181830012173,0.5075236946913341,0.9887429643527205
533,25445,0.1794707218327244,95.47842401500938,0.6775281278557626,0.5069006802854337,0.9887429643527205
533,25445,0.1794707218327244,95.47842401500938,0.6851229232764594,0.5067243932509666,0.9887429643527205
533,25445,0.1794707218327244,95.47842401500938,0.6809752581456402,0.5071504202509286,0.9887429643527205
533,25445,0.1794707218327244,95.47842401500938,0.6829098084056098,0.5074128475408738,0.9887429643527205
533,25445,0.1794707218327244,95.47842401500938,0.6830490097185816,0.5075644276803587,0.9887429643527205
533,25445,0.1794707218327244,95.47842401500938,0.6816572992613429,0.5078068223527508,0.9887429643527205
533,25445,0.1794707218327244,95.47842401500938,0.6825411912922421,0.5073140199609453,0.9887429643527205
533,25445,0.1794707218327244,95.47842401500938,0.6765035676631894,0.5083710744138289,0.9887429643527205
533,25445,0.1794707218327244,95.47842401500938,0.680295623938994,0.5078769365141865,0.9887429643527205
533,25445,0.1794707218327244,95.47842401500938,0.6825768960535478,0.506502698950046,0.9887429643527205
533,25445,0.1794707218327244,95.47842401500938,0.6810089078745685,0.5058115736444652,0.9887429643527205
533,25445,0.1794707218327244,95.47842401500938,0.6828186395523275,0.5069554361067453,0.9887429643527205
533,25445,0.1794707218327244,95.47842401500938,0.6817065931409447,0.5073914794154838,0.9887429643527205
533,25445,0.1794707218327244,95.47842401500938,0.6841715895470027,0.5070582702101845,0.9887429643527205
533,25445,0.1794707218327244,95.47842401500938,0.6809169744574212,0.5070642799954503,0.9887429643527205
533,25445,0.1794707218327244,95.47842401500938,0.6744119673706175,0.5089994308510769,0.9887429643527205
533,25445,0.1794707218327244,95.47842401500938,0.6773202504063194,0.5095997416237505,0.9887429643527205
533,25445,0.1794707218327244,95.47842401500938,0.6767450913650555,0.5084759117790233,0.9887429643527205
533,25445,0.1794707218327244,95.47842401500938,0.6820327088803146,0.5063337572086818,0.9887429643527205
533,25445,0.1794707218327244,95.47842401500938,0.6740250889668812,0.5090862388604734,0.9887429643527205
533,25445,0.1794707218327244,95.47842401500938,0.6839716091937766,0.5061601411898885,0.9887429643527205
533,25445,0.1794707218327244,95.47842401500938,0.6776720226688769,0.507980438371544,0.9887429643527205
533,25445,0.1794707218327244,95.47842401500938,0.6788017676247812,0.5061207437087009,0.9887429643527205
533,25445,0.1794707218327244,95.47842401500938,0.6828052123939938,0.5068619505581644,0.9887429643527205
533,25445,0.1794707218327244,95.47842401500938,0.6848189643723859,0.5064993601804538,0.9887429643527205
533,25445,0.1794707218327244,95.47842401500938,0.6830514591645592,0.5063651416428483,0.9887429643527205
533,25445,0.1794707218327244,95.47842401500938,0.6793349667814225,0.5072459090612649,0.9887429643527205
533,25445,0.1794707218327244,95.47842401500938,0.6793860020950094,0.5077053237571486,0.9887429643527205
533,25445,0.1794707218327244,95.47842401500938,0.680341590014991,0.5069480908136426,0.9887429643527205
533,25445,0.1794707218327244,95.47842401500938,0.6770061443552171,0.5070342310691207,0.9887429643527205
533,25445,0.1794707218327244,95.47842401500938,0.6826681029781506,0.5077146723120067,0.9887429643527205
533,25445,0.1794707218327244,95.47842401500938,0.6833419433429153,0.5074615935769196,0.9887429643527205
533,25445,0.1794707218327244,95.47842401500938,0.6807320592439942,0.5075684342038693,0.9887429643527205
533,25445,0.1794707218327244,95.47842401500938,0.6840693562983039,0.5061381053105801,0.9887429643527205
533,25445,0.1794707218327244,95.47842401500938,0.6810728165036996,0.5068265596004873,0.9887429643527205
533,25445,0.1794707218327244,95.47842401500938,0.6842351738267513,0.5074929780110861,0.9887429643527205
533,25445,0.1794707218327244,95.47842401500938,0.6779999987348428,0.5058422903247132,0.9887429643527205
533,25445,0.1794707218327244,95.47842401500938,0.6833336441202446,0.5059204175331701,0.9887429643527205
533,25445,0.1794707218327244,95.47842401500938,0.6811797102513105,0.5080405362242033,0.9887429643527205
533,25445,0.1794707218327244,95.47842401500938,0.6806460822695887,0.5080939565376781,0.9887429643527205
533,25445,0.1794707218327244,95.47842401500938,0.6840002134697519,0.5096885528949024,0.9887429643527205
533,25445,0.1794707218327244,95.47842401500938,0.686258140320644,0.5066662986600627,0.9887429643527205
533,25445,0.1794707218327244,95.47842401500938,0.685974967150805,0.5064986924265353,0.9887429643527205
533,25445,0.1794707218327244,95.47842401500938,0.6837164947081273,0.5078769365141865,0.9887429643527205
533,25445,0.1794707218327244,95.47842401500938,0.6836134918587256,0.507649232428,0.9887429643527205
533,25445,0.1794707218327244,95.47842401500938,0.685769941835773,0.5060993755833109,0.9887429643527205
533,25445,0.1794707218327244,95.47842401500938,0.6796357071246948,0.5067237254970481,0.9887429643527205
533,25445,0.1794707218327244,95.47842401500938,0.6853541830841622,0.5073574239656437,0.9887429643527205
533,25445,0.1794707218327244,95.47842401500938,0.6828041149301539,0.5071704528684816,0.9887429643527205
533,25445,0.1794707218327244,95.47842401500938,0.6817809741094839,0.5070235470064258,0.9887429643527205
533,25445,0.1794707218327244,95.47842401500938,0.6831278915150556,0.5063143923450472,0.9887429643527205
533,25445,0.1794707218327244,95.47842401500938,0.688064150892014,0.506445939866979,0.9887429643527205
533,25445,0.1794707218327244,95.47842401500938,0.6813250072532531,0.5059017204234539,0.9887429643527205
533,25445,0.1794707218327244,95.47842401500938,0.677528547256898,0.5077513987775206,0.9887429643527205
533,25445,0.1794707218327244,95.47842401500938,0.6808074751517889,0.5072659416788179,0.9887429643527205
533,25445,0.1794707218327244,95.47842401500938,0.6815272349608589,0.507420860587895,0.9887429643527205
533,25445,0.1794707218327244,95.47842401500938,0.6830013150171713,0.5068733023747778,0.9887429643527205
533,25445,0.1794707218327244,95.47842401500938,0.6876528789317425,0.5073080101756794,0.9887429643527205
533,25445,0.1794707218327244,95.47842401500938,0.6823522186086409,0.5069995078653621,0.9887429643527205
533,25445,0.1794707218327244,95.47842401500938,0.6856497286713285,0.5077220176051095,0.9887429643527205
533,25445,0.1794707218327244,95.47842401500938,0.685920836509426,0.5061574701742148,0.9887429643527205
533,25445,0.1794707218327244,95.47842401500938,0.6857660777002824,0.5070248825142627,0.9887429643527205
533,25445,0.1794707218327244,95.47842401500938,0.6833393078812963,0.5073747855675229,0.9887429643527205
533,25445,0.1794707218327244,95.47842401500938,0.6866389675862375,0.5074428964672034,0.9887429643527205
533,25445,0.1794707218327244,95.47842401500938,0.6874509868194592,0.505149161757377,0.9887429643527205
533,25445,0.1794707218327244,95.47842401500938,0.6812497644272882,0.506807862490771,0.9887429643527205
533,25445,0.1794707218327244,95.47842401500938,0.6822566646517089,0.506938074504866,0.9887429643527205
533,25445,0.1794707218327244,95.47842401500938,0.6802451608168006,0.5075277012148447,0.9887429643527205
533,25445,0.1794707218327244,95.47842401500938,0.6777873930272176,0.5054055792620562,0.9887429643527205
533,25445,0.1794707218327244,95.47842401500938,0.6837376778732054,0.5073787920910335,0.9887429643527205
533,25445,0.1794707218327244,95.47842401500938,0.6805481741617379,0.5065554515096025,0.9887429643527205
533,25445,0.1794707218327244,95.47842401500938,0.6802900234936621,0.5074869682258202,0.9887429643527205
533,25445,0.1794707218327244,95.47842401500938,0.6849108083871185,0.5061801738074416,0.9887429643527205
533,25445,0.1794707218327244,95.47842401500938,0.6778991051962383,0.5066469337964281,0.9887429643527205
533,25445,0.1794707218327244,95.47842401500938,0.6859992027021876,0.5064412655895499,0.9887429643527205
533,25445,0.1794707218327244,95.47842401500938,0.681511546660646,0.5069681234311957,0.9887429643527205
533,25445,0.1794707218327244,95.47842401500938,0.6830713213330318,0.505672013075512,0.9887429643527205
533,25445,0.1794707218327244,95.47842401500938,0.6798484771901648,0.5073707790440123,0.9887429643527205
533,25445,0.1794707218327244,95.47842401500938,0.6802362596132308,0.508116660170905,0.9887429643527205
533,25445,0.1794707218327244,95.47842401500938,0.6834180873086612,0.5064920148873511,0.9887429643527205
533,25445,0.1794707218327244,95.47842401500938,0.680349416190249,0.5062262488278136,0.9887429643527205
533,25445,0.1794707218327244,95.47842401500938,0.681289605546215,0.5061708252525835,0.9887429643527205
533,25445,0.1794707218327244,95.47842401500938,0.6801126811049006,0.5076939719405352,0.9887429643527205
533,25445,0.1794707218327244,95.47842401500938,0.6844007448126561,0.507063612241532,0.9887429643527205
533,25445,0.1794707218327244,95.47842401500938,0.6835963108660451,0.5082595595094501,0.9887429643527205
533,25445,0.1794707218327244,95.47842401500938,0.6789822414263798,0.5086969383260255,0.9887429643527205
533,25445,0.1794707218327244,95.47842401500938,0.6802636405943687,0.5069808107556459,0.9887429643527205
533,25445,0.1794707218327244,95.47842401500938,0.6860046598898024,0.5061721607604204,0.9887429643527205
533,25445,0.1794707218327244,95.47842401500938,0.687864069916236,0.5068579440346538,0.9887429643527205
533,25445,0.1794707218327244,95.47842401500938,0.6782507638208894,0.5077634183480525,0.9887429643527205
533,25445,0.1794707218327244,95.47842401500938,0.6785399892353141,0.5084805860564524,0.9887429643527205
533,25445,0.1794707218327244,95.47842401500938,0.6797609028396626,0.5092171186284868,0.9887429643527205
533,25445,0.1794707218327244,95.47842401500938,0.6863899020188003,0.5079851126489732,0.9887429643527205
533,25445,0.1794707218327244,95.47842401500938,0.6809756302384867,0.5066295721945487,0.9887429643527205
533,25445,0.1794707218327244,95.47842401500938,0.6800900845260057,0.5057027297557601,0.9887429643527205
533,25445,0.1794707218327244,95.47842401500938,0.6820030280171908,0.5067090349108426,0.9887429643527205
533,25445,0.1794707218327244,95.47842401500938,0.6849154343110417,0.5076679295377162,0.9887429643527205
533,25445,0.1794707218327244,95.47842401500938,0.6802124586248095,0.5061507926350304,0.9887429643527205
533,25445,0.1794707218327244,95.47842401500938,0.6807217504732277,0.5069387422587844,0.9887429643527205
533,25445,0.1794707218327244,95.47842401500938,0.6814807654780989,0.5073153554687821,0.9887429643527205
533,25445,0.1794707218327244,95.47842401500938,0.6785236834592114,0.50786692020541,0.9887429643527205
533,25445,0.1794707218327244,95.47842401500938,0.6790847467532962,0.5064786598089823,0.9887429643527205
533,25445,0.1794707218327244,95.47842401500938,0.6815172239244307,0.5065173895362516,0.9887429643527205
533,25445,0.1794707218327244,95.47842401500938,0.6816860966819952,0.5072572608778783,0.9887429643527205
533,25445,0.1794707218327244,95.47842401500938,0.6779848708771364,0.507218531150609,0.9887429643527205
533,25445,0.1794707218327244,95.47842401500938,0.6797586919118858,0.5064526174061633,0.9887429643527205
533,25445,0.1794707218327244,95.47842401500938,0.6834768087336622,0.5066756472149209,0.9887429643527205
533,25445,0.1794707218327244,95.47842401500938,0.6837240602745448,0.5056125829767713,0.9887429643527205
533,25445,0.1794707218327244,95.47842401500938,0.6850085470319428,0.5073133522070269,0.9887429643527205
533,25445,0.1794707218327244,95.47842401500938,0.6818013411737781,0.5058109058905467,0.9887429643527205
533,25445,0.1794707218327244,95.47842401500938,0.6871207608332365,0.5068011849515868,0.9887429643527205
533,25445,0.1794707218327244,95.47842401500938,0.6893211195285088,0.5074175218183028,0.9887429643527205
533,25445,0.1794707218327244,95.47842401500938,0.6786859513696613,0.5080178325909764,0.9887429643527205
533,25445,0.1794707218327244,95.47842401500938,0.6828364616121523,0.5067384160832538,0.9887429643527205
533,25445,0.1794707218327244,95.47842401500938,0.676045802940058,0.5067798168261968,0.9887429643527205
533,25445,0.1794707218327244,95.47842401500938,0.6805157691223976,0.50719248874779,0.9887429643527205
533,25445,0.1794707218327244,95.47842401500938,0.6831929170542894,0.5078495586035306,0.9887429643527205
533,25445,0.1794707218327244,95.47842401500938,0.6812150857927071,0.5073620982430727,0.9887429643527205
533,25445,0.1794707218327244,95.47842401500938,0.6797053398914561,0.5077347049295597,0.9887429643527205
533,25445,0.1794707218327244,95.47842401500938,0.6858844548920269,0.5061968676554025,0.9887429643527205
533,25445,0.1794707218327244,95.47842401500938,0.6832468012294277,0.5059678280613791,0.9887429643527205
533,25445,0.1794707218327244,95.47842401500938,0.6805857099863926,0.5066669664139811,0.9887429643527205
533,25445,0.1794707218327244,95.47842401500938,0.6813781594620049,0.5068218853230583,0.9887429643527205
533,25445,0.1794707218327244,95.47842401500938,0.6810952702959201,0.5071831401929319,0.9887429643527205
533,25445,0.1794707218327244,95.47842401500938,0.6766949108263448,0.5075737762352167,0.9887429643527205
533,25445,0.1794707218327244,95.47842401500938,0.6817052451261583,0.5058669972196953,0.9887429643527205
533,25445,0.1794707218327244,95.47842401500938,0.6882315763713647,0.5060406132384885,0.9887429643527205
533,25445,0.1794707218327244,95.47842401500938,0.6805563535690584,0.5074602580690827,0.9887429643527205
533,25445,0.1794707218327244,95.47842401500938,0.6819520141771952,0.5066135461005064,0.9887429643527205
533,25445,0.1794707218327244,95.47842401500938,0.6871822266619307,0.5070923256600247,0.9887429643527205
533,25445,0.1794707218327244,95.47842401500938,0.6803185008165603,0.5068632860660013,0.9887429643527205
533,25445,0.1794707218327244,95.47842401500938,0.6801546973775501,0.5073460721490302,0.9887429643527205
