mean_clustering,rho_full,rho_core
0.06487432194773131,0.9094498531055585,-0.19454263330418228
0.06001267690566332,0.9014354231186625,-0.011833259391095264
0.06361594883509719,0.9063524283934634,-0.060458535234618915
0.05879009686724431,0.9015168572640959,0.002480272791506239
0.06250304384762045,0.9080261788639588,-0.06404652497874778
0.06252090204767709,0.9029918029016353,-0.11711441138679204
0.06450136785180262,0.9058174918825866,-0.15210920096332153
0.060586235178655884,0.8989296148988072,-0.04906490698226327
0.06368493653564732,0.9034723138447188,-0.07485122194477666
0.06229793035646803,0.9063670486303692,-0.12589886806929465
0.06133269129062621,0.9002916885566475,-0.03534415435324284
0.060447360236644786,0.899085681537747,-0.03094653598046517
0.06314295657334487,0.9030140450662928,-0.10355228793377864
0.0631623907382797,0.9084043408268823,-0.09499182943731381
0.06346932149642544,0.9098319540751627,-0.1353111764962594
0.06377608090963145,0.9062359961634654,-0.13590769115212598
0.0616185910409778,0.9007095145223905,-0.03381855872749342
0.06162799391601059,0.9023010782923298,-0.058044707189579256
0.06331573832751428,0.9035256731950025,-0.07440145736158439
0.0651557352429459,0.9093256454937755,-0.15741428863165866
0.06492916345500141,0.9102951449862008,-0.1742505906215095
0.06349236694442591,0.9063868469249748,-0.11926435541353357
0.06333260933842746,0.9077253511474352,-0.14608499868841343
0.06141564516799729,0.8986382039714167,0.007199264590153637
0.0621497575187335,0.9029632735222679,-0.049846224027980966
0.06080376209110219,0.9004962795799095,-0.06254373619986314
0.05995941350561516,0.9000098146918887,-0.03307082421999259
0.061610147894248304,0.9119019590674954,-0.04387465759560973
0.062393584836162495,0.9070283995471413,-0.0846910945306318
0.05863144480875903,0.9000706451442237,0.02835921039693684
0.06129851031401565,0.9076828670792931,-0.04697790829954973
0.05873363771755738,0.8998242327545292,0.01567630102812717
0.06477899356105755,0.9098608064165018,-0.11803524270866217
0.062114943668455075,0.8975796976693086,-0.02796951645764169
0.06372763667242476,0.9048102085379697,-0.11198817226272618
0.06099354399043186,0.9002597770927558,-0.005303687340329174
0.06043095986739612,0.8997368290715012,-0.036666476915742034
0.061843131393560624,0.9003064868055524,-0.06773057354311418
0.061228489470945925,0.9019271706395149,-0.07673973182805685
0.06111409284682495,0.9045185923593378,-0.0095217428320006
0.06358447029931898,0.9071570809566722,-0.12201207364738126
0.06437662105380138,0.9061874211691283,-0.1437686744022397
0.06335527553775376,0.9028378500677905,-0.08443313147464344
0.06227437630362372,0.9039339775021459,-0.05831866352732533
0.06294609230884456,0.9064127974931143,-0.11859542486967767
0.06097544851040539,0.89767856483312,0.021621375436776034
0.0639846076692055,0.9103878675658658,-0.11372051621329302
0.06348830020673805,0.905064778840852,-0.08956114274531686
0.06142663119940071,0.9026512507073607,-0.020159246353333694
0.061957491694101224,0.8983755482773155,-0.07948051874905361
0.0629266143891741,0.9084561388814368,-0.1082991795416096
0.06329196508687433,0.9036776466754243,-0.10546509725531346
0.0612578952662536,0.901541154700354,-0.0538361808587547
0.06243598636371781,0.9016154581896192,-0.06123572024620548
0.06223374469633428,0.9065832066080778,-0.04720785896183996
0.06297645125776109,0.9079060005277161,-0.08229864892873198
0.06719392959055522,0.9105991163924431,-0.2504875952949866
0.060825629417860114,0.9005952156424023,-0.03576292082480547
0.06269621129049273,0.9039578172196654,-0.0516728965841175
0.062472118600706346,0.9045050065743273,-0.11650355306901583
0.061952732004200324,0.904036279363579,-0.03975542671185783
0.062053247900936144,0.9073036312527957,-0.11857594443724882
0.05915933444352461,0.8987644584439856,0.002498308914626656
0.06055879141215745,0.9012579456348165,0.017347400603055233
0.06468713247403018,0.9087277612610652,-0.1337604210074002
0.06087852405434745,0.9029958979860081,-0.021773774115045413
0.061388732338116384,0.9041258797846569,-0.06257407810360249
0.06283170341479095,0.9033792251060652,-0.14481505751811918
0.06260831747029334,0.907421066527195,-0.10669031245550963
0.06146855424343632,0.9020945602018544,-0.05623199494969318
0.06186384733651129,0.9037779116699018,-0.017405621531104316
0.06330970140660613,0.9021618334399293,-0.11653633891710836
0.06123847025329387,0.9028919398154049,-0.030188996218343114
0.06316037507410754,0.9069569451325394,-0.13696367625655181
0.06509245657004897,0.9038699781514755,-0.17570325560920183
0.062493670740200624,0.9065036365836291,-0.10436043983991908
0.0630899495585389,0.907079461692485,-0.09102774366454494
0.06333263312065032,0.9027389036240412,-0.13595878391838123
0.06013957989094787,0.9022587810198937,0.003198428994313322
0.0653054910848509,0.9075481104588384,-0.17066589866349807
0.06248697752226751,0.9012804204845114,-0.04566026041786694
0.06283564127476716,0.9100760398426204,-0.11634827339729255
0.062337348944121164,0.9010519028340601,-0.0689570028452139
0.06290093955463992,0.9051042796086545,-0.08880920507346764
0.061772582899359774,0.9062040745954316,-0.06825309825895519
0.06186186882718327,0.9019498602781543,-0.08050512038762225
0.06204334174997129,0.9063673631506012,-0.04281585459431543
0.0629113909578999,0.9079743140740086,-0.12293028675777963
0.062109079872228204,0.9049101825814889,-0.07771264195175154
0.06480775093194889,0.9054901436683384,-0.22689930154991558
0.06516708833557693,0.9078320831371982,-0.176910240769264
0.05998214902661066,0.8990057785298446,0.017102234914906016
0.06452121646230141,0.9050261831845706,-0.1316140235128987
0.06202940092372433,0.9051632267012607,-0.042406945253969035
0.06266631800926992,0.9036927342633992,-0.08702803499154471
0.06237852961079238,0.9017375854588139,-0.09776889396636562
0.06501852076058666,0.9086443575482914,-0.18315647507367486
0.06293916222174144,0.9075431566559048,-0.10776681106361183
0.06541863438147169,0.9047425644803186,-0.14971779977752797
0.062230618916382326,0.9041598264978638,-0.08463926707749846
0.061144990919350474,0.8997888683540823,-0.045130326302429184
0.061976085359871584,0.9084213761917924,-0.042321501054682964
0.06316082944145407,0.9009268745413147,-0.13323552190611046
0.06421428965794473,0.9081357784667703,-0.11784801994353004
0.06298412849231587,0.9093243288756863,-0.13257963802897357
0.05868392319574567,0.8985519910456533,0.034285287687352554
0.06291602675201398,0.9072762872918511,-0.061745881736009624
0.06263403385613318,0.9053180620990366,-0.075800258514595
0.06072704252692053,0.9002230924424627,-0.01696642247867098
0.06060354547675643,0.8983502731933644,-0.010537162292949166
0.062091837574618516,0.9064179775269995,-0.05398705372812597
0.06076427518718488,0.905081437206685,0.018896450472221663
0.06114344271848842,0.9029672794092594,-0.013425547680623
0.05851526905944044,0.896606950492227,0.0317439556351301
0.05925935854628209,0.9005282860061685,0.0010095582626479006
0.06274249083298429,0.9039668537297681,-0.11702675036979698
0.061501015932379374,0.9028543414627413,-0.05784835449385192
0.06023940045174234,0.9020209124146785,0.013942505778847857
0.06254680892289136,0.9051846330051696,-0.09434210557963252
0.06478762079108386,0.9049479354103404,-0.19187752455323287
0.06222916587833451,0.9050074680332738,-0.07719263654880243
0.0628359804356209,0.9030223390078372,-0.07348899767800794
0.06066445146392078,0.8985435169164432,-0.055634504260570816
0.06296757613394457,0.9095261327845385,-0.07916060991950542
0.06262408997191407,0.9093639040493706,-0.08895784601896242
0.059595053007522374,0.8983034522199924,0.0347181903447943
0.06376963240453021,0.9042018702393666,-0.10944289429142931
0.06497588287845221,0.9098349784033305,-0.17368653244396232
0.06142605592828437,0.9031592910310929,-0.03124610195621559
0.05986129720724416,0.897983599767277,-0.0019254207679935732
0.0624938501777643,0.90434200247864,-0.07872512815130266
0.06474842661215183,0.9066700646914202,-0.17033960667910034
0.0629089784462054,0.9063177189223707,-0.10694341276834711
0.06365235029219275,0.9081890560628939,-0.09517775207488702
0.06158242162683389,0.900552593950692,-0.05739935187436212
0.06109831160162601,0.9028219424032701,0.04223012284175516
0.06302612289201714,0.9028880834298512,-0.11661721676488081
0.06305271583145267,0.9053771671416443,-0.1378672370060039
0.06222403702778562,0.9012231285922238,-0.059250563950575846
0.06232278838302253,0.9032219749621964,-0.0808555743393754
0.06016834000324745,0.9023802293650087,-0.045002590858872094
0.060985151976665715,0.9012637153805086,-0.019242013480032502
0.06261977648436516,0.905293496814379,-0.08992839691592863
0.06429645119571893,0.9052467625296757,-0.13685229438623103
0.062985106122868,0.9061817601502372,-0.05811245135228889
0.062192485101666875,0.9046697656418243,-0.057598991032362684
0.062194037542037076,0.9053987960250102,-0.06998219843403343
0.06272285681264063,0.902134802369316,-0.05084693744511965
0.05949514517900412,0.9021610732012503,-0.011362998348713082
0.06347040861505965,0.9080013428568006,-0.15124587372522305
0.06644980662690328,0.9101533871255002,-0.21330790953682502
0.06447070922548905,0.9072543836479832,-0.10716012771662949
0.061594179110881525,0.9058406599406059,-0.05225169734636712
0.06123395383452596,0.9066593653957189,-0.03354037884850488
0.06150474132208814,0.9023081255205857,-0.03495861798936913
0.06270933226016422,0.9081158047930781,-0.12830330853111668
0.06322179890337375,0.9050543914570794,-0.1526618049299468
0.06059314465148188,0.9033278868046136,-0.03359112608927049
0.06146445275633225,0.9034217637996689,-0.031383586526892125
0.06228614205087675,0.9076227525028228,-0.08867620271142539
0.061661878938939665,0.901525006852244,-0.10041769053816156
0.06311269826424475,0.9050142725135832,-0.08090747166769006
0.061714700416854375,0.9052318122693744,-0.07165098531825784
0.06436911241241156,0.9100074700682712,-0.16967970501819252
0.058202266747984115,0.9000763872752524,0.08476107066751518
0.061051548456572735,0.9017908472263026,-0.025468689274942783
0.0631235977930962,0.9070590647716928,-0.0937296682977935
0.061896734908396825,0.9050311620496332,-0.053732346133951205
0.06053868202727535,0.9066097592382499,0.019200435540165702
0.06045817073332032,0.9002205856693433,-0.016524395283075453
0.06349188142665395,0.9119533612300139,-0.1671473462902329
0.06235127320666963,0.9060933852212781,-0.15017086457400586
0.06502547813194204,0.9086870051039432,-0.18374204892647147
0.06194111563147061,0.903529281105344,-0.07691540423328029
0.06236168590270866,0.9033281265389369,-0.033239213292783586
0.06356720027253221,0.9086957692459596,-0.14697028598226616
0.06234728167527114,0.9034979149395446,-0.10344817282556183
0.06145263441967913,0.9025702677034274,-0.04363576612743434
0.06251796345674542,0.9036980592469691,-0.07160446449394484
0.06044189214244647,0.900772438926347,-0.046475333675290546
0.062498445109685365,0.9015156882082094,-0.09459664928683843
0.06314383553352157,0.906749936854205,-0.10507027920557752
0.05974546595239234,0.9036870992263828,-0.034175117836972566
0.06262618084150605,0.9005945691355972,-0.0868925567362926
0.05883040863355655,0.8981804451729832,0.017736655390555297
0.06328205596234868,0.9069247124446637,-0.1502160415179746
0.06416531486110212,0.9056356326374851,-0.11343956022722228
0.061694634365195164,0.9034065498924188,-0.029957636232324034
0.06131335491107794,0.9048074365288585,-0.03304211847514541
0.06317565016131592,0.905036616532136,-0.11684615657130651
0.06386728823009767,0.9041925933601065,-0.16916421156293326
0.06198338115888735,0.9017448998725469,-0.08879316848683161
0.060371438339282574,0.9008819119581708,-0.031801145954808624
0.06149066362326824,0.9037311060142483,-0.0647525440736707
0.06284668363615867,0.9070987744950048,-0.12740109992463058
0.061318060514965224,0.9028610221621086,-0.011320050372608933
0.06049661660265652,0.9045905902215122,-0.029139439582620632
0.06266013139037421,0.903379200921215,-0.06700614785642654
0.05991029259956983,0.9012586221021326,-0.008152096751705522
0.05956869082205779,0.9034739411027902,0.026124511368785602
0.06362343008717503,0.9095897793286877,-0.08683392693845664
0.06115670674519428,0.9018557369549439,-0.02102576074752248
0.06013958840032905,0.90111650054166,-0.008835070748237027
0.06270304482172055,0.9069553177756272,-0.07846802370544599
0.06029023809413984,0.8944422697803238,0.010742892519828571
0.06487824099756448,0.9082866379608211,-0.14703620543442186
0.06246819409364569,0.904161907656603,-0.09237485717164458
0.06384588899282023,0.9048779496491297,-0.11915987012431754
0.06303505260259852,0.9046433333511417,-0.12879327385429584
0.06224640070488227,0.9037382006470341,-0.10346263250037853
0.06307652227977059,0.9055670724593703,-0.11155682904652849
0.05911397523759495,0.8990116250133449,-0.0040939135970860215
0.06395046932464052,0.9055431151521908,-0.12555949082649603
0.06162844789616781,0.9026019556996954,-0.020753609056395738
0.06061493619570359,0.9031004128305352,-0.00753346846617435
0.06159187211894309,0.9014344406614406,-0.035435665631800055
0.0627930040209762,0.9037366973418862,-0.1339070846487603
0.062496865122192734,0.9029266823028299,-0.107199994862509
0.06091417983960714,0.9043202828981478,-0.04644859087799319
0.06203276673994333,0.8991892823037749,-0.021235453181008373
0.06352492845345038,0.9035408244167197,-0.09807171784627099
0.061586058357034484,0.9025731109121479,-0.012624123162943715
0.06250769020121179,0.9044933473770324,-0.11566892300318525
0.061544248098557075,0.9031586863131986,-0.05321302529316891
0.06531494663759939,0.9110951889412916,-0.22486702579998846
0.06217971681642159,0.9070034742841467,-0.13450430227949695
0.06227465843281831,0.90504935352391,-0.10103708902399448
0.06022010924975029,0.8950544846212363,-0.0051362454468067385
0.06200845492310564,0.9054063496005806,-0.07067164696317864
0.06304421267084698,0.9054431596079952,-0.07194784595092607
0.06218444080998713,0.9070714533078592,-0.0885889515042536
0.061281656848128,0.896708809375038,-0.08524904807681112
0.061448998701660866,0.9053417241313451,-0.07809755297045318
0.06479307121240822,0.9084476288804403,-0.13006460125391553
0.06342527102646915,0.9060685102358735,-0.14462081033765095
0.06133721654768867,0.90653682339487,-0.06175488814108255
0.06349927434592184,0.9079798313438644,-0.1295998182294835
0.06395678563325334,0.9071483936317252,-0.11023005819557771
0.0623993894969717,0.9070392143707131,-0.03712709936359855
0.06243490506877214,0.9061551291105759,-0.06400873668142852
0.06059396867649046,0.901277752720502,0.0047197350646875115
0.060133392119039855,0.9023226845589829,0.011545665746101672
0.06290567694333815,0.9069832172252084,-0.1393796663060866
0.06248275884179035,0.9061605831462194,-0.07306472283046428
0.06670900501555464,0.9109067288396279,-0.2243972436183953
0.06186464421939956,0.901376109208649,-0.09768878776062592
0.061976907563905746,0.9056882689493514,-0.05736408278126438
0.06413791579218955,0.908625149245031,-0.158156425923172
0.06086593984154289,0.9027843429243283,-0.010025270991522502
0.06419316991313331,0.9059474173732659,-0.08488062639184679
0.06141098453431012,0.9037908770343279,-0.061578073567467875
0.059675236840572174,0.9014713999622433,0.018294943992586767
0.06663112817034478,0.906861260747663,-0.20573201053153756
0.06292177156567894,0.9051104916893162,-0.09144307638783443
0.06580916522602281,0.9063542142242627,-0.23173905656901098
0.06287313282555121,0.9067463266045276,-0.0947324872553579
0.06256769640941673,0.9071793444654609,-0.07376674442365411
0.06260646003031263,0.9015790960887147,-0.09755411488176927
0.06439242575014587,0.9079772775572986,-0.14776215520133323
0.06011770062848117,0.897854792639848,-0.011129702002927353
0.05920779706445896,0.8981151851981998,0.05320924648034835
0.06375652672620262,0.9044563767287109,-0.13266651691591821
0.06497747536360386,0.9064891439504079,-0.13316185350758447
0.06354804721293934,0.9048956214115871,-0.1562750804736739
0.06520866658755863,0.9065745609603652,-0.15555780312921452
0.060895569443286,0.9039813065590071,-0.06510965052730562
0.062329387466785915,0.9024097113117817,-0.1028325097898847
0.06380449063292933,0.909210721407941,-0.10415574461187181
0.06459903013853129,0.9073804854147095,-0.16144304212135302
0.06303772439898522,0.905408598796957,-0.0822423935907139
0.06311273217002496,0.907244615039018,-0.09416669216018864
0.06180149739993252,0.9017901343257253,-0.030829729505520966
0.061077879364552626,0.9023432627811229,0.01335848689124762
0.061947654547856355,0.9015026745150309,-0.046162343442444013
0.06255917546158307,0.9029316027264825,-0.07944471471563593
0.06486144958424932,0.9099139866219667,-0.16657902069671637
0.06012563032293827,0.8999421156484572,-0.023640394258173807
0.05938369958459308,0.901045753534131,0.056658037392791655
0.06219953266581647,0.907365443398571,-0.033850556729315154
0.062158093302255885,0.9026844899421613,-0.028986034392254834
0.05980952571558394,0.900777549744937,0.0009731072466134846
0.06309356869745507,0.9051947884938437,-0.08747033942332556
0.06265659086450277,0.90581941083117,-0.09562738081498251
0.06398064568158215,0.9081809489851422,-0.08737301404697496
0.06049624502754098,0.9009629337945964,-0.043071914035070345
0.059819941772616445,0.8984088939574792,0.008372743994562323
0.063974662181743,0.9026641256305654,-0.07746556584776958
0.06343653979705918,0.9053953834132702,-0.06191193688091242
0.06202643380872925,0.9058174479975875,-0.046188044705012476
0.06274426138521204,0.904002721078792,-0.1199989107740093
0.060431533708631045,0.9022854329648556,0.0059280499998954645
0.06150804078527539,0.9031656286005938,-0.0378895111812892
0.062038733946057995,0.9027051030439622,-0.07134841534869195
0.06255386854211437,0.9013828342794119,-0.11422792646358111
0.06136392418071461,0.9051558854118993,-0.041761167430066665
0.06443035692646697,0.9122684294645189,-0.12788530446331522
0.06469264031542125,0.9052081787235092,-0.12952732854938745
0.06301654702579484,0.9038221792458767,-0.10024269266827582
0.06274674735855727,0.9057384831685636,-0.12275596704455585
0.062118713548115725,0.9068082058757815,-0.10341013829900761
