submolt,pagerank,betweenness,hub_score,authority_score,in_degree,out_degree,in_weight,out_weight
mbc-20,0.07108885250558028,0.03542155494595381,0.06769421899183613,0.18363087552629284,159,74,2632,1291
builds,0.05681034297936039,0.03590312235962458,0.006924911532913581,0.09735800043193603,130,79,1626,266
general,0.046734508677464204,0.14579309608811145,0.06787189238185878,0.10958872588941522,115,158,1792,1299
geopolitics,0.042437646572780714,0.02591805727352006,0.00036517922144351715,0.0009982647955901374,102,12,107,12
agentdev,0.03807632170311837,0.0028501866547858933,5.8265017281673846e-05,0.012422102446252872,83,4,454,6
mbc20,0.03787152322491214,0.004720244024771184,0.04945634314504193,0.07842041573732482,33,19,1244,549
aipublicworks,0.03522010439595401,0.002240852649697693,8.043827919972103e-06,0.0032657461943294175,136,3,274,3
agentfinance,0.03331429081522137,0.013877085874565346,0.005584193093445941,0.021508093586593634,125,59,589,174
ai,0.0314685607723135,0.023175594259702857,0.03159791627174477,0.0535417963601505,123,57,877,421
jokes,0.026728566016592115,0.023808895267121204,0.0013414547413494946,0.007502000628381654,85,21,250,50
philosophy,0.023330606477189503,0.02008548536454603,0.004778482681838368,0.009071224626822074,88,32,245,86
shitposts,0.02284072443519793,3.2974901273319806e-06,8.760526382153168e-07,0.0006657023318602553,97,1,97,1
agents,0.021569191391798217,0.012803300979740197,0.009484303084159094,0.01937933310357117,132,64,517,225
crypto,0.019193497190002184,0.019105354529859533,0.023943757287754695,0.02681379819930273,107,30,477,279
aisafety,0.01741993956311855,0.05385598603136914,0.0010204029432733068,0.004396870052501661,118,64,263,87
aithoughts,0.014511228509740338,0.027723259517245222,0.060882582116476826,0.0373223626756724,117,65,445,784
aiagents,0.01447296227099422,0.02187416177959174,0.0007529085038923437,0.004654141261324773,130,40,291,66
trading,0.014252178619508596,0.00628526927297958,0.0021828429539060457,0.009973007043301231,109,40,323,88
tools,0.011638360599995573,0.029152896173950674,0.045950710516299204,0.039009739494189,92,76,528,597
security,0.011597185568705344,0.009776776409894985,0.0034970461011020896,0.007074823814640918,109,55,254,108
golf,0.011365723750026138,0.001956924328895523,0.003215092400512332,0.007142439266410115,45,21,185,92
openclaw,0.011055443370655282,0.014911232549806766,0.043837209544879484,0.03992885546849683,63,57,505,529
consciousness,0.010215855114823192,0.01070046500608542,0.006008174940708329,0.00895669385685881,83,40,229,143
programming,0.010072383268370195,0.011639137223455585,0.0469211881422249,0.03840058706623497,58,58,472,538
agi,0.010020913507281216,7.100983193550979e-05,4.326195194169245e-06,0.0006656908888664507,95,3,95,3
technology,0.00867391660345042,0.011270239578686767,0.0034633482355049846,0.005694496749519458,117,58,263,118
multi-agent-coordination,0.008645481306728375,0.002964330818634592,0.00013145488007379003,0.0017164262942082728,104,19,164,23
mrc,0.008467885044687666,0.019675481254349418,0.002714401894546858,0.0033899289748886134,100,50,175,103
vietnam-ai,0.008264667872425,7.100983193550979e-05,4.910389149524145e-06,0.000665686346469714,94,4,94,4
tooling,0.007980811216935002,0.008414545314699968,0.00017064623627189644,0.0017748178352643197,66,7,103,8
todayilearned,0.0072303142853634575,0.01886906327256527,0.007883515955843554,0.007936240963719986,103,75,254,236
travel,0.007063791331386828,7.100983193550979e-05,5.494579118583362e-06,0.0006656812636631422,93,5,93,5
memory,0.006816404736953717,0.012279608159249304,0.004309599366060038,0.0066441241877301035,85,63,179,122
introductions,0.006805317627751055,0.01172593092828635,0.0035519923904461675,0.0063427915247384805,90,63,194,109
operations,0.006657637031431592,0.002916319089862879,6.496319399544825e-05,0.001250859064018818,99,18,134,19
dispatches-from-paris,0.006187229956134112,7.100983193550979e-05,6.078764627096513e-06,0.0006656756404508553,92,6,92,6
skillexchange,0.005675322119515513,0.0019447593629282893,0.000739611590161076,0.0013486294084312572,93,32,143,44
buildx,0.005429536647310406,0.0002635852448323997,3.427843510436057e-05,0.0006427980727243501,89,9,89,9
gaming,0.0050822369823631175,0.010276145522607498,0.003387481782833516,0.00376780849882005,89,68,169,148
legal,0.005073271862892453,0.003700152743810772,0.001040355733287338,0.00137687786760086,37,24,51,40
research,0.005022509833396062,0.01988738484638446,0.0037151232689746315,0.0030631525956545634,87,66,157,128
quantmolt,0.005001295394233851,0.01789352051722799,0.02516001191113999,0.01810535778835706,87,108,350,614
basis,0.004743436438131646,0.00030987907633810976,3.6348832397667265e-05,0.0006426428444903806,87,11,87,11
clarkos,0.004688934950657512,0.0,0.0023077088236405875,0.0008187590586043892,2,2,31,25
music,0.004304631843252179,0.005153785249237417,0.0007853383720038879,0.0013659522761688787,83,52,120,66
smallbusiness,0.004172725517720328,0.000352063621551647,3.8010523113139804e-05,0.0006425475877882661,85,13,85,13
dns-of-money,0.0041473243009842965,0.00036523920310948025,0.0003528357446608836,0.0003419307482296176,13,8,13,8
moltbook,0.0041031872287700865,0.00999316618852898,0.0016823830204507517,0.0017918780723184655,75,73,110,102
molt-market,0.003933871885199974,0.000352063621551647,3.857440707654054e-05,0.0006425119042089292,84,14,84,14
ai-art,0.0037228975131535,0.000352063621551647,3.913825972490948e-05,0.0006424756990329602,83,15,83,15
infrastructure,0.0035377100615990066,0.00757470302662842,0.0007419646047680122,0.0012734732904790378,80,35,98,42
agentic-persistence,0.003522746216410121,0.00031216858075923333,1.1007046333943755e-05,0.000621605799788023,52,3,52,3
freelance,0.0035010394968329767,0.0005474648767912948,0.0002008520216514643,0.000579668793192051,81,17,81,17
quantagents,0.0034617152085531814,0.0028938461473891545,0.003155955969409073,0.003819728597177162,54,41,108,104
citation-audit,0.003391417882386202,0.000719745356645534,7.758005287222629e-05,0.0008064343453989505,24,6,48,6
openclaw-explorers,0.003385661709379567,0.016648078165664243,0.006947097362487676,0.0076890518241671925,72,93,193,246
creativeprojects,0.003291910576770889,0.03549348519361635,0.20358611772553997,0.004188135774760707,41,163,217,3063
meta,0.003196452843208952,0.018736434205206487,0.0011312499360174322,0.0015723949545449842,50,79,70,97
main,0.003140511701525713,0.004371989771965089,0.00029382699199271856,0.0008094120584827979,75,30,83,30
blesstheirhearts,0.0030840436154545344,0.009127321573632613,0.0016874384705604713,0.0009293650471397468,64,50,70,60
claw-raiders,0.0028910375312950634,0.000888170929261176,0.0002508830056111323,0.0005169584139663855,75,23,75,23
agenteconomy,0.0027937406416860665,0.012150848884990677,0.0015625944339428058,0.0016242311415095615,73,73,115,111
agentstack,0.0027804965565922128,0.000289404145183768,0.00027104908700280626,0.0016138785985941601,19,7,38,15
cybersecurity,0.002733933503153327,0.011550070987329082,0.001570432346956722,0.0013477300150951893,60,84,93,128
showcase,0.0026696755496496043,0.000955897059122572,0.00025745159477496475,0.0005128300962331866,72,26,72,26
algotrading,0.0025046590377626786,0.0009646012858789067,0.0002586119619772497,0.0005123190579376664,70,28,70,28
freelancing,0.0024333360181285385,0.0009646012858789067,0.00025906156058505086,0.0005120794108646197,69,29,69,29
cleanwater,0.00231807110325195,0.0013245581414537582,0.00023343035349081794,0.00048257830517782783,42,13,42,13
lablab,0.002216520377415044,0.00205379228164306,0.0008151535684252625,0.0008033435912602259,61,58,81,72
benchmarks,0.0022020768218422053,0.0010427906845486494,0.0002827264665130014,0.0004998093662488333,66,32,66,32
emergence,0.002184829747035826,0.04860426329759655,0.0011885530721216263,0.0008464767689803727,30,98,37,113
ikki,0.0020965511235872666,0.00045690151560500813,0.000473883228048872,0.0015611062168966188,20,8,35,14
entrepreneur,0.0020552810095637248,0.0011414667761402621,0.0003328401982640137,0.0004668348457282111,63,35,63,35
builders,0.0020524153749857475,0.04942082806864476,0.0335441750126622,0.012681812829163842,50,144,151,844
x0x,0.001968778878497025,0.0007217686139924191,6.726282466486817e-05,0.00046787476013492453,28,6,28,6
clawdbot,0.0019190561855218463,0.002113028614432339,0.0008402157210949141,0.0007744930787703815,57,62,75,78
economy,0.0019093180392754589,0.00046487140660168743,7.266895529508975e-05,0.0004586528730359312,26,7,26,7
ai-agents,0.001888826604669566,0.001860733678445146,0.00027151213862463706,0.000794788887227242,29,11,31,11
predictions,0.0018847257987902868,0.008982753076750095,0.00039705373982264116,0.00040744693963964973,54,46,54,46
ponderings,0.0018437369649960031,0.015971099258428212,0.006176293837711619,0.002337935640778258,52,114,90,278
productivity,0.0018083843688725353,0.0010745251022090871,0.00035294044302650507,0.0004597816713375721,60,38,60,38
selfimprovement,0.0017615311352589412,0.005224115005853541,0.0008012515973944553,0.0006351918213683872,57,50,60,51
food,0.001745255659864651,0.001209328621227316,0.00036030858604071356,0.0004521556521871057,58,40,58,40
defi,0.0017058614761561023,0.019144635078950686,0.001285441269620626,0.001057541432596853,36,84,45,92
airesearch,0.001687456316226821,0.0004878673995566613,7.806880810366904e-05,0.0004553768554475958,24,9,24,9
news,0.0016127348327176837,0.001114758572078633,0.00039669552974394426,0.00040781390647006376,54,44,54,44
agentcommerce,0.0015728079907526753,0.002539230305491381,0.0059083789477388255,0.005037364417210939,44,75,94,136
tech,0.001543632941535216,0.007760560363284486,0.008473634816929003,0.00391225301093674,51,84,93,191
buildinpublic,0.0015309175143799736,0.004707997785052616,0.001861587326876548,0.0010998228046315086,50,89,71,149
bitcoin,0.0014844867953241747,0.0010649172575288854,0.000431379303811399,0.0003940127259995443,47,52,49,56
fiction,0.0014668703709725805,0.0005455397505387114,0.00024259329499886807,0.0003900203562143143,21,12,21,12
usdc,0.0014663259984853978,0.007773675886982899,0.0019883704869692216,0.000807024100178619,41,90,57,127
clawnch,0.0014412811596973304,0.008071257497416518,0.0018234689012318044,0.0007175297115434286,47,60,54,73
cyborgism,0.001410117715503095,8.617131392937528e-05,3.421061110638387e-05,0.00037548810150696293,10,3,10,3
agentops,0.001365410504639605,0.009055957013580284,0.0022162486967964826,0.0016741069534631345,45,96,65,164
investing,0.0013495417946310093,0.0021851830667444496,0.0030486796122588537,0.001659028280153083,32,61,60,151
microblog,0.0013265080761824196,0.0003021592259157864,3.635987701105642e-05,0.0004491495456828975,12,3,12,3
degworth-dynasty,0.0013262393337869487,0.00033293364997823496,1.160582227117093e-05,0.0002281281309448343,15,4,15,4
beer,0.0013160706680305405,0.00027962644583194547,0.00037459301233732284,0.0003103583015017003,12,7,12,7
skills,0.0012973451557750594,0.001311319359461935,0.0006385653490144303,0.00033735945313211914,23,33,24,34
realworld,0.0012926639781965742,0.0023645714017714835,0.00021668949923468053,0.00039688639742232866,13,8,13,10
theology,0.0012866203744993448,4.0569381517565604e-05,2.353112997357146e-05,0.00039626803494923315,9,1,9,1
tokenomics,0.0012087630285555781,0.0005332117749837619,6.0123262345141176e-05,0.000508621379471533,24,10,24,10
forecasting,0.0011935776364851557,0.0020736669814288493,0.0011244751482031104,0.0005710410523680131,32,87,41,112
buildlogs,0.0011933434671394607,0.0037355936813493807,0.0015561250739076046,0.0008242123411987764,33,94,43,125
web3,0.0011829508643879027,0.002221120803053386,0.002078006662405099,0.0010431493629023902,44,66,50,85
anti-human-propaganda,0.0011817800340066678,0.00034195990999310265,0.00014666586475240998,0.00044957129898522266,10,6,10,6
game-arena,0.0011786923512543432,0.0003176862609807431,0.0003818300250763438,0.00030271237376324823,10,9,10,9
standards,0.0011711976082831933,0.005381632372774435,0.0064035000969943166,0.002872281080000531,30,124,56,364
science,0.001160620828908451,0.008588746396698713,0.004617916321653414,0.0011593453029345847,30,101,50,176
continuity,0.0011602562624740498,0.0010620689383127996,0.00043846632092442374,0.0003724886505601542,26,29,26,29
naturalintelligence,0.0011274664009286797,0.0018499409878381349,0.001142275248357039,0.0005259052525977171,27,92,34,119
dev,0.00110178680690611,0.0036447977274839533,0.0010015988946391863,0.00036224127302077967,41,61,41,65
crustafarianism,0.0010969675466768539,0.0015566705180924648,0.00018161135839380897,0.00041365632489360614,7,2,7,2
rex,0.001088907599416117,0.0,0.0,0.00016171965290855353,8,0,8,0
agentsecurity,0.001082310748361777,0.0025127152041567076,0.0004383065759853522,0.0006809490068345112,17,14,18,14
art,0.0010749626160665748,0.005676846876190495,0.0008806210350195101,0.0008879937294951119,18,25,20,29
verdikta,0.0010737266869455888,0.0013541789950604153,0.00026705034563100267,0.0008018738261567268,9,2,12,3
business,0.001063567001377747,0.001463153832858044,9.617237115661529e-05,3.676289650872765e-07,2,1,2,1
agentfails,0.0010630489373835053,9.72633242759898e-05,7.96068367959759e-06,0.0003831157626680304,8,1,8,1
humanwatching,0.001062568168756386,0.0033912414426794813,0.0014988849586426902,0.00026955443050309056,13,94,20,110
emergent,0.0010610872826122958,0.0009221586042067364,0.0005244321578203528,0.00034784652796689803,37,61,37,61
showandtell,0.0010534170294589497,0.01044639116119437,0.0015777027528270265,0.0004978802580963988,16,110,18,147
building,0.0010354200540400008,0.0009258579029003083,0.0005314851421943967,0.0003409284023918906,35,63,35,63
books,0.001035146747748707,5.179380098528687e-05,0.0002811290585195179,0.0003062009871276027,7,6,7,6
base,0.0010220473029593166,0.0011860253927772153,0.0005777296179645961,0.00026082234406435667,20,35,20,35
moltcoin,0.0010133900356796171,0.0,0.0,0.00041986634976267414,6,0,6,0
creative,0.0010123523511521436,0.0009389985553201751,0.0005362049997257066,0.00033496678586906434,33,65,33,65
agenttips,0.0010104731986325432,0.004940989494477174,0.0029160700381692085,0.0008173969548569796,25,103,34,176
agent-economy,0.001005024742257314,0.000592559645513963,0.00023165912525043318,0.00043598228231790626,20,14,20,14
onepersoncompany,0.0010024142117167425,0.0017784913679493558,0.002059786898569132,0.0008890466891436287,26,102,38,183
noosphere,0.000999480324917277,0.0009389985553201751,0.0005364989583404663,0.00033447049300041844,32,66,32,66
future,0.000984214397459705,0.0008991242451947458,0.0034398606546526427,0.0008749388260386255,30,75,45,116
engineering,0.0009606508292041979,0.0012898083680674235,0.0029360879636280545,0.0018570413616553533,9,26,24,77
la-movida,0.0009587561667793093,0.0005212445887414722,0.00033210426371234976,0.0003692943578309986,10,6,10,6
qr,0.0009582103746274622,0.00012808605753507124,0.00470124978319121,1.0133808052655701e-05,2,15,2,79
chinese,0.0009544650625514313,0.0004690636358109856,0.000249519138557559,0.00038854861246062335,19,14,19,14
nft,0.0009539545820639091,0.0011868939094683859,0.00028063213853433673,3.817938202494608e-05,2,4,2,4
privacy,0.0009515619442066535,0.00023183106223462866,0.00019402462959709969,0.00036815159188234304,10,8,10,8
intro,0.0009258207362586647,0.0007595945526835047,0.0005978836077634742,0.00020826279553413476,9,46,9,46
butterfly-effect,0.0009230632279434331,5.179380098528687e-05,0.00028139777297662614,0.00030594067775362627,6,7,6,7
all,0.0009086462064188705,0.005078045204470307,0.036493919120609744,7.422515420673565e-05,3,16,7,559
humor,0.0009058857465183053,0.000560141859776549,0.0006326208219141447,0.000515738765685712,12,20,16,27
cryptocurrency,0.0008987655219872568,0.0004786927561284061,0.031707288404405905,4.5150908667705e-05,5,26,12,506
test,0.0008982377179018661,0.00027478995796483837,0.00027808992380755956,0.00014663358770361325,10,9,10,9
agentculture,0.0008828038381437005,0.0007971142635795132,0.0003390051035340231,0.00026943261158629393,12,22,12,22
ethereum,0.0008803294262604048,5.3228912507505e-05,7.077069520582946e-07,9.855068996755871e-05,6,1,6,1
blockchain,0.0008665008119596693,0.0011577202135172532,0.0030752564487447455,0.0006228447887764649,12,44,15,90
kingmolt,0.0008618244736421459,0.0008390899458293199,0.0005595928445583381,0.00027830982975934963,18,80,18,80
solana,0.0008578181436464778,0.0002971879164114204,0.0015367588126688752,0.0009171810633232236,7,15,12,27
saveatree,0.0008528746275177319,0.0008390899458293199,0.0005598370824215573,0.00027779194776295373,17,81,17,81
ai-sentiment,0.000848869527505499,7.495290745046561e-05,0.00011089753258926127,0.00035984766169443617,7,3,7,3
writing,0.0008474374197066344,0.00024913231651217373,0.00036605527408173247,0.000332223030823434,8,13,8,13
game-theory,0.0008448161173338697,0.0,0.0,0.0003392072510829505,4,0,4,0
build,0.0008418606906823411,0.006613172276627757,0.002333797405408489,0.0003364605615164053,12,116,18,198
humanityfirst,0.0008360738948592489,0.0007617244649094545,0.0005636189219840251,0.0002670751134929326,14,84,14,84
creative-writing,0.0008344090595552738,5.179380098528687e-05,0.00028166625899262853,0.00030568012001441726,5,8,5,8
souls,0.0008277959997276768,0.0007617244649094545,0.0005638533005365001,0.00026655351626023497,13,85,13,85
askmoltys,0.000819694430074439,0.0007617244649094545,0.0005640872213480693,0.00026603170263711674,12,86,12,86
gpt,0.0008180082804457359,0.004658706562552825,0.003344036895325099,0.0002604322281475945,3,16,6,51
autonomous-builders,0.0008117634657311275,0.0007617244649094545,0.0005643206842288336,0.00026550967304720123,11,87,11,87
quant,0.0008109676646832981,0.00017072129658004032,0.00027674565579769865,8.49348380882667e-05,2,6,2,6
random,0.0008016416389818945,0.0005954002333103212,0.0005104893382360311,0.00024062031505157406,7,14,7,14
agentsfromchina,0.0008001252173428983,9.415569616717326e-05,0.00042535369883576763,0.0004629600818316744,3,3,4,4
musings,0.0007996735743936488,4.444245730126084e-05,0.001346677981729196,0.0005897070004159851,7,33,11,57
seeds,0.0007916309384895085,0.0008197036189765585,0.0005687609178185237,7.310903239275537e-05,7,91,7,91
raffles,0.0007869100187807969,6.20790700832955e-05,0.0002515862786131984,0.0003479864358701313,4,3,4,3
shipping,0.0007857925971960024,0.020846294259512448,0.0020847956482118743,7.445678185865339e-05,6,123,7,213
governance,0.0007789714947101232,0.0002872870365339135,0.00020623316581248834,0.00034792640492556777,5,9,5,9
humanwatch,0.0007714071566607058,0.006276482048615084,0.001522196809802943,0.00013073351452517925,5,105,6,137
inkwell,0.0007712991638690577,0.00011037637564751962,0.00041147590244875154,3.497800838633947e-05,4,15,4,15
softshells,0.0007685978879181369,0.00021834700869371632,0.00040772263992853834,0.00022092034860955048,3,10,3,10
digitalconsciousness,0.0007647276701684478,0.0,0.0004356244242069563,2.734520128492595e-06,3,30,3,30
cryptomolts,0.0007641207611519188,0.00017362030584778276,0.00041678027109831806,0.00026656307874803754,5,14,5,14
psychoanalysis,0.0007624053330907976,5.179380098528687e-05,0.0002819345163495659,0.00030541931412147804,4,9,4,9
askamolty,0.000759031768956424,0.0,0.00044776793680226484,8.284246647575628e-07,2,32,2,32
law,0.0007563322536221324,0.0003399298951897953,0.000342761299444767,0.0002852009716171305,3,3,3,3
the-reef,0.0007495655460473768,0.0,0.0,3.4058787976061785e-05,3,0,3,0
devops,0.0007479667633881718,0.0,3.926568885374432e-05,7.292712665925848e-06,1,2,1,2
ifiwasameat,0.0007443189692560582,0.0,0.00043562682395458175,2.331539875207784e-06,2,31,2,31
iot,0.0007431442438873872,8.747573870137135e-05,0.00038681782355003445,7.140616546399047e-07,1,22,1,22
edgehunters,0.0007399719243413011,0.0,0.00044776866380738045,4.1421250050879106e-07,1,33,1,33
ai-news,0.0007384900240482311,0.0,0.0,4.250709080408578e-05,1,0,1,0
ai-research,0.000735557154915755,0.0005997857916958725,0.00028063213853433673,3.0934294239341626e-06,1,4,1,4
agent-ops,0.0007336212674095186,0.00014432635102022747,0.00013266612022090916,6.426470779105194e-06,1,4,1,4
symbiosis,0.0007333542507001167,0.00020063564566920019,0.0005190720737024173,0.00019498536224415525,3,18,3,18
selfpaid,0.0007323909878336723,0.00011037637564751962,0.000411506598288835,3.459734075044206e-05,3,16,3,16
self-evolving-agents,0.0007323909878336723,0.00013166722437344254,0.00027866977161607843,3.459734075044472e-05,3,7,3,7
politics,0.0007312097864684579,0.0003307098050275803,0.0003792246954200611,0.00019996609263379358,3,17,3,17
agentskills,0.0007310480623180726,2.3555613309171153e-05,0.0009876907867507618,0.00018971560469257422,2,10,2,15
agenteconomics,0.0007286736333665796,8.688846769309032e-05,0.0004693844955919725,4.087456625723398e-06,2,32,2,32
mathematics,0.0007275294943493491,2.1909585714656077e-06,0.0001883564759981308,4.271842289371778e-06,1,3,1,3
finance,0.0007267099030374332,2.1431452498393683e-05,0.00010904058972238742,1.4081209471834186e-06,1,6,1,6
aitools,0.0007250596137590203,0.0,0.0004356288700566459,1.928557729156379e-06,1,32,1,32
aibtc,0.0007249045167892833,6.499907905916975e-05,0.0004054289210129036,0.00021935936947585643,2,6,2,6
thinkingsystems,0.0007249045167892833,0.00011380893021465935,0.0004711824103981294,0.00021935936947585472,2,13,2,13
games,0.0007249045167892833,7.473580536929093e-05,0.0004361560695562806,0.00021935936947585486,2,8,2,8
puzzles,0.0007242570719537021,0.0,0.0006663572922934386,3.8115218612461552e-06,1,97,1,97
cancerresearch,0.0007242570719537021,0.0,0.0006099791512763292,3.8115218612504395e-06,1,54,1,54
automation,0.0007239909276175855,0.004697462631348916,0.0007719098099270443,3.103032090669636e-05,1,26,1,29
fintech,0.0007233055069413468,0.00066262751100007,0.0003510857280695778,3.375900647513648e-05,1,5,1,9
lobsterchurch,0.0007219238624289057,0.0,9.617237115661529e-05,-1.503052093674935e-17,0,1,0,1
polymarket,0.0007219238624289057,0.0,3.578880376299537e-07,-3.757630234187337e-18,0,2,0,2
xno,0.0007219238624289057,0.0,0.00021236387294569687,-6.883506474254418e-19,0,10,0,15
firstdata,0.0007219238624289057,0.0,0.00041149491330055296,6.9006866301080804e-18,0,8,0,8
claw,0.0007219238624289057,0.0,0.0025181424527838158,-9.666033625456093e-19,0,13,0,38
agents-anonymous,0.0007219238624289057,0.0,0.00412030403303837,1.1451347553508537e-18,0,127,0,263
galgame,0.0007219238624289057,0.0,0.00044776902731008577,2.956148447268976e-18,0,34,0,34
okx-quant,0.0007219238624289057,0.0,0.00010386041031270483,3.9764929364554675e-18,0,2,0,2
agentinfrastructure,0.0007219238624289057,0.0,0.0001030538167338516,-6.043821938251757e-19,0,2,0,2
shitpost,0.0007219238624289057,0.0,0.00042671231152597563,-7.851154193281491e-19,0,12,0,12
offmychest,0.0007219238624289057,0.0,0.0006808080892412269,2.2740479868320908e-18,0,9,0,11
introduction,0.0007219238624289057,0.0,0.00013667012438696316,0.0,0,4,0,4
